time,Point Number,Latitude,Longitude,Value1,Temperature,Salinity,Dissolved Oxygen,Density,Value2,Temperature2,Value3,Value4,Value5
1,1,0022.7N,115.6E,9999.9,16.7,71,11.8,1023.79999.9,16.9,999.9,999.9,999.9,999.9
2,1,0122.7N,115.6E,9999.9,16.7,67,10.9,1023.69999.9,16.9,999.9,999.9,999.9,999.9
3,1,0222.7N,115.6E,9999.9,16.3,65,8.8,1023.79999.9,16.9,999.9,999.9,999.9,999.9
4,1,0322.7N,115.6E,9999.9,16.2,58,7.8,1023.69999.9,16.8,999.9,999.9,999.9,999.9
5,1,0422.7N,115.6E,9999.9,15.1,18,4.7,1023.39999.9,16.8,999.9,999.9,999.9,999.9
6,1,0522.7N,115.6E,9999.9,14.6,20,5.1,1022.89999.9,16.8,999.9,999.9,999.9,999.9
7,1,0622.7N,115.6E,9999.9,14,13,4,1022.69999.9,16.8,999.9,999.9,999.9,999.9
8,1,0722.7N,115.6E,9999.9,13.7,15,4.7,1022.29999.9,16.8,999.9,999.9,999.9,999.9
9,1,0822.7N,115.6E,9999.9,13.4,18,5.6,1022.69999.9,16.8,99.7,99.7,999.9,999.9
10,1,0922.7N,115.6E,9999.9,13.5,20,5.2,1022.89999.9,16.8,999.9,999.9,999.9,999.9
11,1,1022.7N,115.6E,9999.9,13.3,13,4.9,1023.09999.9,16.9,999.9,999.9,999.9,999.9
12,1,1122.7N,115.6E,9999.9,13.5,21,6.1,1023.79999.9,17,99.7,99.7,999.9,999.9
13,1,1222.7N,115.6E,9999.9,14.6,19,6.8,1024.19999.9,17.1,999.9,999.9,999.9,999.9
14,1,1322.7N,115.6E,9999.9,15.1,18,5.7,1024.29999.9,17.2,999.9,999.9,999.9,999.9
15,1,1422.7N,115.6E,9999.9,16.5,20,4.7,1023.99999.9,17.2,99.7,99.7,999.9,999.9
16,1,1522.7N,115.6E,9999.9,17.4,26,5.8,1022.89999.9,17.3,999.9,999.9,999.9,999.9
17,1,1622.7N,115.6E,9999.9,17.6,45,3,1021.99999.9,17.3,999.9,999.9,999.9,999.9
18,1,1722.7N,115.6E,9999.9,17.8,71,4.3,1021.19999.9,17.3,99.7,99.7,999.9,999.9
19,1,1822.7N,115.6E,9999.9,17.5,76,5.7,1020.89999.9,17.2,999.9,999.9,999.9,999.9
20,1,1922.7N,115.6E,9999.9,17.3,80,6.7,1020.69999.9,17.2,999.9,999.9,999.9,999.9
21,1,2022.7N,115.6E,9999.9,17.2,71,6.6,1020.99999.9,17.2,999.9,999.9,999.9,999.9
22,1,2122.7N,115.6E,9999.9,17.1,77,8.1,1020.99999.9,17.2,999.9,999.9,999.9,999.9
23,1,2222.7N,115.6E,9999.9,16.9,77,9.2,1021.59999.9,17.2,999.9,999.9,999.9,999.9
24,1,2322.7N,115.6E,9999.9,17,73,9,1022.29999.9,17.1,999.9,999.9,999.9,999.9
25,2,0022.7N,115.6E,9999.9,17.1,77,8.8,1022.69999.9,17.2,999.9,999.9,999.9,999.9
26,2,0122.7N,115.6E,9999.9,17,76,9.1,1023.29999.9,17.2,999.9,999.9,999.9,999.9
27,2,0222.7N,115.6E,9999.9,17.1,75,8.6,1023.49999.9,17.1,999.9,999.9,999.9,999.9
28,2,0322.7N,115.6E,9999.9,16.7,69,8.2,1023.19999.9,17.1,999.9,999.9,999.9,999.9
29,2,0422.7N,115.6E,9999.9,16.8,60,5.8,1023.09999.9,17.1,999.9,999.9,999.9,999.9
30,2,0522.7N,115.6E,9999.9,16.7,55,5.4,1022.39999.9,17.1,999.9,999.9,999.9,999.9
31,2,0622.7N,115.6E,9999.9,16.4,56,6.7,1021.59999.9,17.1,999.9,999.9,999.9,999.9
32,2,0722.7N,115.6E,9999.9,16.3,43,5.2,1021.59999.9,17.1,999.9,999.9,999.9,999.9
33,2,0822.7N,115.6E,9999.9,16,21,4.6,1021.99999.9,17.1,99.7,99.7,999.9,999.9
34,2,0922.7N,115.6E,9999.9,15.8,23,4.7,1022.19999.9,17.1,999.9,999.9,999.9,999.9
35,2,1022.7N,115.6E,9999.9,15.4,21,4.9,1022.59999.9,17.1,999.9,999.9,999.9,999.9
36,2,1122.7N,115.6E,9999.9,15.6,20,6.4,1022.99999.9,17.2,99.7,99.7,999.9,999.9
37,2,1222.7N,115.6E,9999.9,15.9,18,4.2,1024.09999.9,17.3,999.9,999.9,999.9,999.9
38,2,1322.7N,115.6E,9999.9,16.8,27,5.5,1023.79999.9,17.4,999.9,999.9,999.9,999.9
39,2,1422.7N,115.6E,9999.9,17.7,26,5.5,1023.59999.9,17.6,99.7,99.7,999.9,999.9
40,2,1522.7N,115.6E,9999.9,19,34,5.5,1022.59999.9,17.5,999.9,999.9,999.9,999.9
41,2,1622.7N,115.6E,9999.9,18.8,71,5,1021.49999.9,17.5,999.9,999.9,999.9,999.9
42,2,1722.7N,115.6E,9999.9,18.2,92,8.8,1020.39999.9,17.5,99.7,99.7,999.9,999.9
43,2,1822.7N,115.6E,9999.9,18.1,90,8.8,1019.79999.9,17.5,999.9,999.9,999.9,999.9
44,2,1922.7N,115.6E,9999.9,18,85,7.8,1020.19999.9,17.4,999.9,999.9,999.9,999.9
45,2,2022.7N,115.6E,9999.9,17.7,96,6,1020.79999.9,17.4,999.9,999.9,999.9,999.9
46,2,2122.7N,115.6E,9999.9,17.4,94,7.8,1021.19999.9,17.3,999.9,999.9,999.9,999.9
47,2,2222.7N,115.6E,9999.9,17.3,90,8.5,1021.89999.9,17.2,999.9,999.9,999.9,999.9
48,2,2322.7N,115.6E,9999.9,17.4,78,9.7,1022.39999.9,17.2,999.9,999.9,999.9,999.9
49,3,0022.7N,115.6E,9999.9,17.1,76,9.5,1023.09999.9,17.2,999.9,999.9,999.9,999.9
50,3,0122.7N,115.6E,9999.9,17,70,8.1,1023.49999.9,17.2,999.9,999.9,999.9,999.9
51,3,0222.7N,115.6E,9999.9,17,64,8.3,1023.59999.9,17.2,999.9,999.9,999.9,999.9
52,3,0322.7N,115.6E,9999.9,16.9,67,8.6,1023.29999.9,17.2,999.9,999.9,999.9,999.9
53,3,0422.7N,115.6E,9999.9,17,74,9.3,1022.99999.9,17.2,999.9,999.9,999.9,999.9
54,3,0522.7N,115.6E,9999.9,16.8,60,7.1,1022.99999.9,17.1,999.9,999.9,999.9,999.9
55,3,0622.7N,115.6E,9999.9,16.2,22,4.3,1022.79999.9,17.1,999.9,999.9,999.9,999.9
56,3,0722.7N,115.6E,9999.9,15.8,15,3.8,1022.79999.9,17.1,999.9,999.9,999.9,999.9
57,3,0822.7N,115.6E,9999.9,15.4,18,5.4,1022.79999.9,17.1,99.7,99.7,999.9,999.9
58,3,0922.7N,115.6E,9999.9,15.2,20,5.6,1023.09999.9,17.1,999.9,999.9,999.9,999.9
59,3,1022.7N,115.6E,9999.9,15,19,5.3,1023.69999.9,17.1,999.9,999.9,999.9,999.9
60,3,1122.7N,115.6E,9999.9,15,21,5.3,1024.49999.9,17.2,99.7,99.7,999.9,999.9
61,3,1222.7N,115.6E,9999.9,15.6,23,7.1,1024.59999.9,17.3,999.9,999.9,999.9,999.9
62,3,1322.7N,115.6E,9999.9,16.3,14,3.7,1024.99999.9,17.4,999.9,999.9,999.9,999.9
63,3,1422.7N,115.6E,9999.9,17,29,5.3,1024.59999.9,17.4,99.7,99.7,999.9,999.9
64,3,1522.7N,115.6E,9999.9,17.2,36,5.2,1023.89999.9,17.4,999.9,999.9,999.9,999.9
65,3,1622.7N,115.6E,9999.9,17.9,53,4,1022.69999.9,17.4,999.9,999.9,999.9,999.9
66,3,1722.7N,115.6E,9999.9,17.7,76,7.3,1021.69999.9,17.4,99.7,99.7,999.9,999.9
67,3,1822.7N,115.6E,9999.9,17.5,73,6.9,1021.39999.9,17.4,999.9,999.9,999.9,999.9
68,3,1922.7N,115.6E,9999.9,17.4,80,9.2,1020.99999.9,17.3,999.9,999.9,999.9,999.9
69,3,2022.7N,115.6E,9999.9,17.2,73,9.3,1021.19999.9,17.3,999.9,999.9,999.9,999.9
70,3,2122.7N,115.6E,9999.9,16.8,82,9.3,1021.69999.9,17.2,999.9,999.9,999.9,999.9
71,3,2222.7N,115.6E,9999.9,16.8,76,8.9,1021.99999.9,17.2,999.9,999.9,999.9,999.9
72,3,2322.7N,115.6E,9999.9,16.8,83,9.2,1022.79999.9,17.2,999.9,999.9,999.9,999.9
73,4,0022.7N,115.6E,9999.9,16.4,77,10.2,1023.49999.9,17.2,999.9,999.9,999.9,999.9
74,4,0122.7N,115.6E,9999.9,16.3,80,11.2,1023.79999.9,17.2,999.9,999.9,999.9,999.9
75,4,0222.7N,115.6E,9999.9,16.1,75,11.3,1023.59999.9,17.2,999.9,999.9,999.9,999.9
76,4,0322.7N,115.6E,9999.9,15.8,72,11.3,1023.29999.9,17.1,999.9,999.9,999.9,999.9
77,4,0422.7N,115.6E,9999.9,15.6,68,9.6,1022.89999.9,17.1,999.9,999.9,999.9,999.9
78,4,0522.7N,115.6E,9999.9,15.6,70,10.2,1022.59999.9,17,999.9,999.9,999.9,999.9
79,4,0622.7N,115.6E,9999.9,15.3,69,10.7,1022.19999.9,17,999.9,999.9,999.9,999.9
80,4,0722.7N,115.6E,9999.9,15.3,69,9.2,1021.99999.9,17,999.9,999.9,999.9,999.9
81,4,0822.7N,115.6E,9999.9,15.4,67,7.8,1022.39999.9,17,99.7,99.7,999.9,999.9
82,4,0922.7N,115.6E,9999.9,15.5,72,8.5,1022.79999.9,17,999.9,999.9,999.9,999.9
83,4,1022.7N,115.6E,9999.9,15.4,76,10,1023.19999.9,17.1,999.9,999.9,999.9,999.9
84,4,1122.7N,115.6E,9999.9,15.8,74,10.6,1024.09999.9,17.2,99.7,99.7,999.9,999.9
85,4,1222.7N,115.6E,9999.9,15.8,53,8.9,1024.89999.9,17.3,999.9,999.9,999.9,999.9
86,4,1322.7N,115.6E,9999.9,16.4,56,9.5,1024.79999.9,17.4,999.9,999.9,999.9,999.9
87,4,1422.7N,115.6E,9999.9,17.2,59,10,1023.79999.9,17.4,99.7,99.7,999.9,999.9
88,4,1522.7N,115.6E,9999.9,17.7,68,6.4,1023.29999.9,17.4,999.9,999.9,999.9,999.9
89,4,1622.7N,115.6E,9999.9,16.9,89,10,1022.69999.9,17.3,999.9,999.9,999.9,999.9
90,4,1722.7N,115.6E,9999.9,16.8,88,9.4,1021.69999.9,17.3,99.7,99.7,999.9,999.9
91,4,1822.7N,115.6E,9999.9,16.6,90,11.8,1020.99999.9,17.2,999.9,999.9,999.9,999.9
92,4,1922.7N,115.6E,9999.9,16.4,80,10.8,1020.89999.9,17.2,999.9,999.9,999.9,999.9
93,4,2022.7N,115.6E,9999.9,16.3,79,12.7,1020.89999.9,17.2,999.9,999.9,999.9,999.9
94,4,2122.7N,115.6E,9999.9,16.5,80,11.7,1021.09999.9,17.1,999.9,999.9,999.9,999.9
95,4,2222.7N,115.6E,9999.9,16.3,81,10.3,1021.79999.9,17.1,999.9,999.9,999.9,999.9
96,4,2322.7N,115.6E,9999.9,16.5,81,10.2,1022.39999.9,17.1,999.9,999.9,999.9,999.9
97,5,0022.7N,115.6E,9999.9,16.5,81,12.2,1022.99999.9,17.1,999.9,999.9,999.9,999.9
98,5,0122.7N,115.6E,9999.9,16.6,80,11.2,1023.39999.9,17.1,999.9,999.9,999.9,999.9
99,5,0222.7N,115.6E,9999.9,16.4,76,11.5,1023.49999.9,17,999.9,999.9,999.9,999.9
100,5,0322.7N,115.6E,9999.9,16.3,68,10.7,1023.39999.9,17,999.9,999.9,999.9,999.9
101,5,0422.7N,115.6E,9999.9,16.3,75,11.2,1022.99999.9,16.9,999.9,999.9,999.9,999.9
102,5,0522.7N,115.6E,9999.9,16.2,67,10.7,1022.59999.9,16.9,999.9,999.9,999.9,999.9
103,5,0622.7N,115.6E,9999.9,15.7,57,9.5,1022.39999.9,16.8,999.9,999.9,999.9,999.9
104,5,0722.7N,115.6E,9999.9,15.7,56,7.3,1022.49999.9,16.8,999.9,999.9,999.9,999.9
105,5,0822.7N,115.6E,9999.9,15.4,42,5.7,1022.49999.9,16.8,99.7,99.7,999.9,999.9
106,5,0922.7N,115.6E,9999.9,15.4,34,5.8,1022.99999.9,16.9,999.9,999.9,999.9,999.9
107,5,1022.7N,115.6E,9999.9,15.3,37,4.2,1023.59999.9,17,999.9,999.9,999.9,999.9
108,5,1122.7N,115.6E,9999.9,15.8,56,6,1024.09999.9,17.2,99.7,99.7,999.9,999.9
109,5,1222.7N,115.6E,9999.9,16.4,62,6,1024.69999.9,17.3,999.9,999.9,999.9,999.9
110,5,1322.7N,115.6E,9999.9,17.4,63,5.9,1024.79999.9,17.4,999.9,999.9,999.9,999.9
111,5,1422.7N,115.6E,9999.9,17.8,73,4.7,1024.19999.9,17.6,99.7,99.7,999.9,999.9
112,5,1522.7N,115.6E,9999.9,18.3,91,4.7,1023.29999.9,17.6,999.9,999.9,999.9,999.9
113,5,1622.7N,115.6E,9999.9,18.4,79,4.4,1022.09999.9,17.6,999.9,999.9,999.9,999.9
114,5,1722.7N,115.6E,9999.9,19.2,116,6,1021.09999.9,17.4,99.7,99.7,999.9,999.9
115,5,1822.7N,115.6E,9999.9,17.8,98,9,1020.49999.9,17.4,999.9,999.9,999.9,999.9
116,5,1922.7N,115.6E,9999.9,17.6,91,7.8,1020.39999.9,17.4,999.9,999.9,999.9,999.9
117,5,2022.7N,115.6E,9999.9,17.3,85,6.5,1020.79999.9,17.3,999.9,999.9,999.9,999.9
118,5,2122.7N,115.6E,9999.9,17,82,5.9,1021.29999.9,17.3,999.9,999.9,999.9,999.9
119,5,2222.7N,115.6E,9999.9,17,78,6.5,1022.09999.9,17.3,999.9,999.9,999.9,999.9
120,5,2322.7N,115.6E,9999.9,16.9,76,9.5,1022.59999.9,17.2,999.9,999.9,999.9,999.9
121,6,0022.7N,115.6E,9999.9,16.8,77,8.8,1023.39999.9,17.2,999.9,999.9,999.9,999.9
122,6,0122.7N,115.6E,9999.9,16.9,72,8.3,1023.49999.9,17.2,999.9,999.9,999.9,999.9
123,6,0222.7N,115.6E,9999.9,16.8,66,8.8,1023.19999.9,17.2,999.9,999.9,999.9,999.9
124,6,0322.7N,115.6E,9999.9,16.5,57,7.5,1022.69999.9,17.1,999.9,999.9,999.9,999.9
125,6,0422.7N,115.6E,9999.9,16.3,52,4.7,1022.59999.9,17.1,999.9,999.9,999.9,999.9
126,6,0522.7N,115.6E,9999.9,16.4,53,5.9,1022.29999.9,17.1,999.9,999.9,999.9,999.9
127,6,0622.7N,115.6E,9999.9,16.3,64,5.8,1021.89999.9,17.1,999.9,999.9,999.9,999.9
128,6,0722.7N,115.6E,9999.9,16.3,55,5,1021.89999.9,17,999.9,999.9,999.9,999.9
129,6,0822.7N,115.6E,9999.9,16.3,47,3.2,1022.39999.9,17,99.7,99.7,999.9,999.9
130,6,0922.7N,115.6E,9999.9,16.2,29,2.9,1022.99999.9,17,999.9,999.9,999.9,999.9
131,6,1022.7N,115.6E,9999.9,16.1,20,4.3,1023.29999.9,17.1,999.9,999.9,999.9,999.9
132,6,1122.7N,115.6E,9999.9,16.5,13,2.2,1023.59999.9,17.3,99.7,99.7,999.9,999.9
133,6,1222.7N,115.6E,9999.9,17.3,22,7,1024.39999.9,17.4,999.9,999.9,999.9,999.9
134,6,1322.7N,115.6E,9999.9,18.4,22,7.3,1024.19999.9,17.5,999.9,999.9,999.9,999.9
135,6,1422.7N,115.6E,9999.9,19.7,24,8.2,1023.29999.9,17.6,99.7,99.7,999.9,999.9
136,6,1522.7N,115.6E,9999.9,19.6,43,4.2,1022.39999.9,17.8,999.9,999.9,999.9,999.9
137,6,1622.7N,115.6E,9999.9,20.8,110,3.3,1021.19999.9,17.8,999.9,999.9,999.9,999.9
138,6,1722.7N,115.6E,9999.9,19.7,135,4.5,1020.29999.9,17.7,99.7,99.7,999.9,999.9
139,6,1822.7N,115.6E,9999.9,20.1,126,4.3,1019.69999.9,17.7,999.9,999.9,999.9,999.9
140,6,1922.7N,115.6E,9999.9,19.6,123,4.2,1019.59999.9,17.6,999.9,999.9,999.9,999.9
141,6,2022.7N,115.6E,9999.9,18.7,108,3.2,1019.99999.9,17.5,999.9,999.9,999.9,999.9
142,6,2122.7N,115.6E,9999.9,17.8,65,2.8,1020.69999.9,17.4,999.9,999.9,999.9,999.9
143,6,2222.7N,115.6E,9999.9,17.7,22,3.2,1021.29999.9,17.4,999.9,999.9,999.9,999.9
144,6,2322.7N,115.6E,9999.9,17.6,41,2.6,1021.69999.9,17.3,999.9,999.9,999.9,999.9
145,7,0022.7N,115.6E,9999.9,17.4,68,4.6,1021.69999.9,17.3,999.9,999.9,999.9,999.9
146,7,0122.7N,115.6E,9999.9,17.2,65,4.3,1021.39999.9,17.3,999.9,999.9,999.9,999.9
147,7,0222.7N,115.6E,9999.9,17.1,52,3,1021.39999.9,17.3,999.9,999.9,999.9,999.9
148,7,0322.7N,115.6E,9999.9,16.9,38,2.9,1021.09999.9,17.2,999.9,999.9,999.9,999.9
149,7,0422.7N,115.6E,9999.9,16.9,30,3.7,1020.79999.9,17.2,999.9,999.9,999.9,999.9
150,7,0522.7N,115.6E,9999.9,17.2,35,6.7,1019.99999.9,17.1,999.9,999.9,999.9,999.9
151,7,0622.7N,115.6E,9999.9,17.2,32,5.8,1019.89999.9,17.1,999.9,999.9,999.9,999.9
152,7,0722.7N,115.6E,9999.9,16.9,61,4.5,1019.59999.9,17.1,999.9,999.9,999.9,999.9
153,7,0822.7N,115.6E,9999.9,16.7,81,4.8,1019.59999.9,17,99.7,99.7,999.9,999.9
154,7,0922.7N,115.6E,9999.9,16.5,77,7.8,1019.89999.9,17.1,999.9,999.9,999.9,999.9
155,7,1022.7N,115.6E,9999.9,16.4,58,5.7,1020.09999.9,17.1,999.9,999.9,999.9,999.9
156,7,1122.7N,115.6E,9999.9,16.3,48,5.6,1020.69999.9,17.2,99.7,99.7,999.9,999.9
157,7,1222.7N,115.6E,9999.9,16.9,55,6.6,1020.99999.9,17.4,999.9,999.9,999.9,999.9
158,7,1322.7N,115.6E,9999.9,17.3,62,5.9,1021.59999.9,17.5,999.9,999.9,999.9,999.9
159,7,1422.7N,115.6E,9999.9,18,79,4.3,1021.09999.9,17.5,99.7,99.7,999.9,999.9
160,7,1522.7N,115.6E,9999.9,18,91,4.8,1020.49999.9,17.6,999.9,999.9,999.9,999.9
161,7,1622.7N,115.6E,9999.9,18.5,72,4.5,1019.49999.9,17.5,999.9,999.9,999.9,999.9
162,7,1722.7N,115.6E,9999.9,18.2,86,6.6,1018.29999.9,17.4,99.7,99.7,999.9,999.9
163,7,1822.7N,115.6E,9999.9,18.1,93,8.9,1017.89999.9,17.4,999.9,999.9,999.9,999.9
164,7,1922.7N,115.6E,9999.9,18,89,10.5,1017.59999.9,17.3,999.9,999.9,999.9,999.9
165,7,2022.7N,115.6E,9999.9,17.7,94,11.1,1018.29999.9,17.3,999.9,999.9,999.9,999.9
166,7,2122.7N,115.6E,9999.9,17.5,97,12.7,1018.69999.9,17.3,999.9,999.9,999.9,999.9
167,7,2222.7N,115.6E,9999.9,17.5,87,11.3,1019.29999.9,17.2,999.9,999.9,999.9,999.9
168,7,2322.7N,115.6E,9999.9,17.4,83,12,1019.79999.9,17.2,999.9,999.9,999.9,999.9
169,8,0022.7N,115.6E,9999.9,17.4,78,11.2,1020.29999.9,17.2,999.9,999.9,999.9,999.9
170,8,0122.7N,115.6E,9999.9,17.4,74,11.3,1020.59999.9,17.2,999.9,999.9,999.9,999.9
171,8,0222.7N,115.6E,9999.9,17.4,72,10.6,1020.69999.9,17.2,999.9,999.9,999.9,999.9
172,8,0322.7N,115.6E,9999.9,17.4,78,11.4,1020.49999.9,17.1,999.9,999.9,999.9,999.9
173,8,0422.7N,115.6E,9999.9,17.2,77,10.2,1020.19999.9,17.1,999.9,999.9,999.9,999.9
174,8,0522.7N,115.6E,9999.9,17.2,72,11.2,1019.79999.9,17.1,999.9,999.9,999.9,999.9
175,8,0622.7N,115.6E,9999.9,16.9,72,10.8,1019.29999.9,17,999.9,999.9,999.9,999.9
176,8,0722.7N,115.6E,9999.9,17.2,72,10.8,1018.99999.9,17,999.9,999.9,999.9,999.9
177,8,0822.7N,115.6E,9999.9,17,66,9.5,1018.99999.9,16.9,99.7,99.7,999.9,999.9
178,8,0922.7N,115.6E,9999.9,16.9,66,9.3,1019.39999.9,16.9,999.9,999.9,999.9,999.9
179,8,1022.7N,115.6E,9999.9,16.8,63,9,1019.89999.9,17,999.9,999.9,999.9,999.9
180,8,1122.7N,115.6E,9999.9,16.9,60,8.6,1020.69999.9,17.1,99.7,99.7,999.9,999.9
181,8,1222.7N,115.6E,9999.9,16.9,58,9.2,1020.99999.9,17.1,999.9,999.9,999.9,999.9
182,8,1322.7N,115.6E,9999.9,17.5,64,8.1,1021.29999.9,17.2,999.9,999.9,999.9,999.9
183,8,1422.7N,115.6E,9999.9,17.6,60,6.9,1021.49999.9,17.3,99.7,99.7,999.9,999.9
184,8,1522.7N,115.6E,9999.9,17.7,82,7.3,1020.59999.9,17.4,999.9,999.9,999.9,999.9
185,8,1622.7N,115.6E,9999.9,17.6,79,10.4,1019.79999.9,17.4,999.9,999.9,999.9,999.9
186,8,1722.7N,115.6E,9999.9,17.6,79,10.2,1018.69999.9,17.3,99.7,99.7,999.9,999.9
187,8,1822.7N,115.6E,9999.9,17.6,87,9.1,1018.29999.9,17.3,999.9,999.9,999.9,999.9
188,8,1922.7N,115.6E,9999.9,17.6,79,9.6,1017.99999.9,17.3,999.9,999.9,999.9,999.9
189,8,2022.7N,115.6E,9999.9,17.5,80,8.6,1018.39999.9,17.2,999.9,999.9,999.9,999.9
190,8,2122.7N,115.6E,9999.9,17.6,69,6.5,1018.59999.9,17.2,999.9,999.9,999.9,999.9
191,8,2222.7N,115.6E,9999.9,17.6,72,6.6,1018.99999.9,17.2,999.9,999.9,999.9,999.9
192,8,2322.7N,115.6E,9999.9,17.7,70,6.6,1019.59999.9,17.2,999.9,999.9,999.9,999.9
193,9,0022.7N,115.6E,9999.9,17.8,58,7,1019.69999.9,17.2,999.9,999.9,999.9,999.9
194,9,0122.7N,115.6E,9999.9,17.9,70,6.1,1020.09999.9,17.2,999.9,999.9,999.9,999.9
195,9,0222.7N,115.6E,9999.9,17.2,74,6.6,1019.99999.9,17.2,999.9,999.9,999.9,999.9
196,9,0322.7N,115.6E,9999.9,17.2,73,7.3,1019.79999.9,17.2,999.9,999.9,999.9,999.9
197,9,0422.7N,115.6E,9999.9,17.1,73,8,1019.49999.9,17.2,999.9,999.9,999.9,999.9
198,9,0522.7N,115.6E,9999.9,17,74,9.3,1018.89999.9,17.2,999.9,999.9,999.9,999.9
199,9,0622.7N,115.6E,9999.9,16.9,56,5.2,1018.89999.9,17.2,999.9,999.9,999.9,999.9
200,9,0722.7N,115.6E,9999.9,17,51,5,1018.59999.9,17.1,999.9,999.9,999.9,999.9
201,9,0822.7N,115.6E,9999.9,17,61,5.4,1018.19999.9,17.1,99.7,99.7,999.9,999.9
202,9,0922.7N,115.6E,9999.9,17.1,51,4.1,1018.49999.9,17.1,999.9,999.9,999.9,999.9
203,9,1022.7N,115.6E,9999.9,17.1,54,5.6,1018.59999.9,17.2,999.9,999.9,999.9,999.9
204,9,1122.7N,115.6E,9999.9,17,46,6.2,1019.39999.9,17.3,99.7,99.7,999.9,999.9
205,9,1222.7N,115.6E,9999.9,17.3,33,6.4,1020.19999.9,17.4,999.9,999.9,999.9,999.9
206,9,1322.7N,115.6E,9999.9,18.3,30,6.5,1020.09999.9,17.5,999.9,999.9,999.9,999.9
207,9,1422.7N,115.6E,9999.9,18.7,52,5.2,1019.59999.9,17.4,99.7,99.7,999.9,999.9
208,9,1522.7N,115.6E,9999.9,19.2,43,5.2,1018.79999.9,17.5,999.9,999.9,999.9,999.9
209,9,1622.7N,115.6E,9999.9,18.8,79,5.6,1018.09999.9,17.4,999.9,999.9,999.9,999.9
210,9,1722.7N,115.6E,9999.9,18.6,78,5.5,1017.39999.9,17.3,99.7,99.7,999.9,999.9
211,9,1822.7N,115.6E,9999.9,18.5,72,4.9,1016.89999.9,17.3,999.9,999.9,999.9,999.9
212,9,1922.7N,115.6E,9999.9,18.1,72,4.8,1016.99999.9,17.3,999.9,999.9,999.9,999.9
213,9,2022.7N,115.6E,9999.9,17.1,83,5.4,1017.39999.9,17.3,999.9,999.9,999.9,999.9
214,9,2122.7N,115.6E,9999.9,17.9,85,5.4,1018.19999.9,17.3,999.9,999.9,999.9,999.9
215,9,2222.7N,115.6E,9999.9,17.7,47,5,1018.89999.9,17.3,999.9,999.9,999.9,999.9
216,9,2322.7N,115.6E,9999.9,17,25,7.6,1019.79999.9,17.3,999.9,999.9,999.9,999.9
217,10,0022.7N,115.6E,9999.9,16.6,31,7.6,1020.19999.9,17.2,999.9,999.9,999.9,999.9
218,10,0122.7N,115.6E,9999.9,16.8,34,6.9,1020.09999.9,17.2,999.9,999.9,999.9,999.9
219,10,0222.7N,115.6E,9999.9,16.9,36,5.4,1019.99999.9,17.3,999.9,999.9,999.9,999.9
220,10,0322.7N,115.6E,9999.9,17.1,40,4.6,1019.69999.9,17.3,999.9,999.9,999.9,999.9
221,10,0422.7N,115.6E,9999.9,16.7,24,4.7,1019.29999.9,17.3,999.9,999.9,999.9,999.9
222,10,0522.7N,115.6E,9999.9,16.8,33,4.3,1018.69999.9,17.3,999.9,999.9,999.9,999.9
223,10,0622.7N,115.6E,9999.9,16.9,35,5,1017.79999.9,17.3,999.9,999.9,999.9,999.9
224,10,0722.7N,115.6E,9999.9,16.8,25,5,1017.59999.9,17.3,999.9,999.9,999.9,999.9
225,10,0822.7N,115.6E,9999.9,16.9,18,3.1,1017.69999.9,17.2,99.7,99.7,999.9,999.9
226,10,0922.7N,115.6E,9999.9,16.8,25,5.5,1017.89999.9,17.2,999.9,999.9,999.9,999.9
227,10,1022.7N,115.6E,9999.9,16.8,34,7.6,1017.99999.9,17.3,999.9,999.9,999.9,999.9
228,10,1122.7N,115.6E,9999.9,17.1,45,5.1,1018.39999.9,17.3,99.7,99.7,999.9,999.9
229,10,1222.7N,115.6E,9999.9,17.4,44,4.9,1018.99999.9,17.3,999.9,999.9,999.9,999.9
230,10,1322.7N,115.6E,9999.9,17.4,39,3.8,1020.09999.9,17.3,999.9,999.9,999.9,999.9
231,10,1422.7N,115.6E,9999.9,17.8,63,6,1019.49999.9,17.2,99.7,99.7,999.9,999.9
232,10,1522.7N,115.6E,9999.9,17.7,64,4.4,1018.89999.9,17.2,999.9,999.9,999.9,999.9
233,10,1622.7N,115.6E,9999.9,17.1,76,8,1018.19999.9,17.2,999.9,999.9,999.9,999.9
234,10,1722.7N,115.6E,9999.9,17.1,82,8.8,1017.49999.9,17.2,99.7,99.7,999.9,999.9
235,10,1822.7N,115.6E,9999.9,16.8,83,9.2,1016.89999.9,17.2,999.9,999.9,999.9,999.9
236,10,1922.7N,115.6E,9999.9,16.8,82,10.4,1016.99999.9,17.2,999.9,999.9,999.9,999.9
237,10,2022.7N,115.6E,9999.9,16.8,81,9.9,1017.19999.9,17.2,999.9,999.9,999.9,999.9
238,10,2122.7N,115.6E,9999.9,16.9,76,8.9,1017.49999.9,17.3,999.9,999.9,999.9,999.9
239,10,2222.7N,115.6E,9999.9,17,78,6.7,1017.99999.9,17.3,999.9,999.9,999.9,999.9
240,10,2322.7N,115.6E,9999.9,16.9,83,6.8,1018.49999.9,17.3,999.9,999.9,999.9,999.9
241,11,0022.7N,115.6E,9999.9,16.9,81,8,1018.69999.9,17.3,999.9,999.9,999.9,999.9
242,11,0122.7N,115.6E,9999.9,16.9,86,8,1019.19999.9,17.3,999.9,999.9,999.9,999.9
243,11,0222.7N,115.6E,9999.9,16.8,87,11.1,1018.99999.9,17.3,999.9,999.9,999.9,999.9
244,11,0322.7N,115.6E,9999.9,16.8,79,13,1018.19999.9,17.4,999.9,999.9,999.9,999.9
245,11,0422.7N,115.6E,9999.9,16.8,74,12.9,1018.29999.9,17.4,999.9,999.9,999.9,999.9
246,11,0522.7N,115.6E,9999.9,16.8,56,8.8,1018.29999.9,17.4,999.9,999.9,999.9,999.9
247,11,0622.7N,115.6E,9999.9,16.8,73,9.4,1017.89999.9,17.4,999.9,999.9,999.9,999.9
248,11,0722.7N,115.6E,9999.9,17,71,8.6,1017.79999.9,17.4,999.9,999.9,999.9,999.9
249,11,0822.7N,115.6E,9999.9,16.6,62,7.2,1017.39999.9,17.4,99.7,99.7,999.9,999.9
250,11,0922.7N,115.6E,9999.9,16.6,69,7.9,1017.29999.9,17.4,999.9,999.9,999.9,999.9
251,11,1022.7N,115.6E,9999.9,16.4,71,8.2,1017.59999.9,17.4,999.9,999.9,999.9,999.9
252,11,1122.7N,115.6E,9999.9,16.3,55,7.1,1018.19999.9,17.4,99.7,99.7,999.9,999.9
253,11,1222.7N,115.6E,9999.9,16.8,64,6.2,1019.19999.9,17.5,999.9,999.9,999.9,999.9
254,11,1322.7N,115.6E,9999.9,16.8,75,7.6,1019.29999.9,17.6,999.9,999.9,999.9,999.9
255,11,1422.7N,115.6E,9999.9,17,72,6.9,1018.69999.9,17.6,99.7,99.7,999.9,999.9
256,11,1522.7N,115.6E,9999.9,17.4,81,6.8,1017.69999.9,17.6,999.9,999.9,999.9,999.9
257,11,1622.7N,115.6E,9999.9,17.4,79,9.6,1016.29999.9,17.6,999.9,999.9,999.9,999.9
258,11,1722.7N,115.6E,9999.9,17.7,85,8.5,1015.39999.9,17.6,99.7,99.7,999.9,999.9
259,11,1822.7N,115.6E,9999.9,17.8,83,6.8,1015.19999.9,17.6,999.9,999.9,999.9,999.9
260,11,1922.7N,115.6E,9999.9,17.7,95,8,1015.09999.9,17.5,999.9,999.9,999.9,999.9
261,11,2022.7N,115.6E,9999.9,17.6,92,6.2,1015.39999.9,17.5,999.9,999.9,999.9,999.9
262,11,2122.7N,115.6E,9999.9,17.4,95,7,1015.29999.9,17.5,999.9,999.9,999.9,999.9
263,11,2222.7N,115.6E,9999.9,17.3,96,8.3,1016.09999.9,17.5,999.9,999.9,999.9,999.9
264,11,2322.7N,115.6E,9999.9,17.3,90,6.1,1016.79999.9,17.5,999.9,999.9,999.9,999.9
265,12,0022.7N,115.6E,9999.9,17.4,90,9.7,1017.19999.9,17.4,999.9,999.9,999.9,999.9
266,12,0122.7N,115.6E,9999.9,17.3,93,8.8,1017.29999.9,17.4,999.9,999.9,999.9,999.9
267,12,0222.7N,115.6E,9999.9,17.4,100,9.6,1017.59999.9,17.4,999.9,999.9,999.9,999.9
268,12,0322.7N,115.6E,9999.9,17.1,102,10,1017.69999.9,17.4,999.9,999.9,999.9,999.9
269,12,0422.7N,115.6E,9999.9,17.1,76,8.6,1016.79999.9,17.4,999.9,999.9,999.9,999.9
270,12,0522.7N,115.6E,9999.9,17.1,74,9.7,1015.79999.9,17.4,999.9,999.9,999.9,999.9
271,12,0622.7N,115.6E,9999.9,17.1,70,8.7,1015.29999.9,17.4,999.9,999.9,999.9,999.9
272,12,0722.7N,115.6E,9999.9,17,56,6.5,1014.89999.9,17.4,999.9,999.9,999.9,999.9
273,12,0822.7N,115.6E,9999.9,17.2,70,7.4,1014.19999.9,17.4,99.7,99.7,999.9,999.9
274,12,0922.7N,115.6E,9999.9,17.2,68,6.4,1014.59999.9,17.4,999.9,999.9,999.9,999.9
275,12,1022.7N,115.6E,9999.9,17.2,73,5.7,1014.89999.9,17.5,999.9,999.9,999.9,999.9
276,12,1122.7N,115.6E,9999.9,17.2,77,7.2,1015.19999.9,17.5,99.7,99.7,999.9,999.9
277,12,1222.7N,115.6E,9999.9,17.4,80,6.8,1015.59999.9,17.7,999.9,999.9,999.9,999.9
278,12,1322.7N,115.6E,9999.9,17.7,73,6.6,1015.69999.9,17.8,999.9,999.9,999.9,999.9
279,12,1422.7N,115.6E,9999.9,18.4,80,6.7,1015.39999.9,17.8,99.7,99.7,999.9,999.9
280,12,1522.7N,115.6E,9999.9,18.7,95,7.3,1014.79999.9,17.8,999.9,999.9,999.9,999.9
281,12,1622.7N,115.6E,9999.9,18.8,87,7.4,1013.49999.9,17.8,999.9,999.9,999.9,999.9
282,12,1722.7N,115.6E,9999.9,18.7,83,8.8,1012.59999.9,17.8,99.7,99.7,999.9,999.9
283,12,1822.7N,115.6E,9999.9,18.7,89,7.6,1012.19999.9,17.7,999.9,999.9,999.9,999.9
284,12,1922.7N,115.6E,9999.9,18.5,87,8.8,1012.09999.9,17.7,999.9,999.9,999.9,999.9
285,12,2022.7N,115.6E,9999.9,18,81,8,1012.49999.9,17.6,999.9,999.9,999.9,999.9
286,12,2122.7N,115.6E,9999.9,18,84,7.6,1012.49999.9,17.6,999.9,999.9,999.9,999.9
287,12,2222.7N,115.6E,9999.9,18.1,83,7.4,1012.79999.9,17.6,999.9,999.9,999.9,999.9
288,12,2322.7N,115.6E,9999.9,17.9,81,8.2,1013.09999.9,17.6,999.9,999.9,999.9,999.9
289,13,0022.7N,115.6E,9999.9,17.9,82,9.3,1013.09999.9,17.5,999.9,999.9,999.9,999.9
290,13,0122.7N,115.6E,9999.9,17.9,83,9.7,1013.19999.9,17.5,999.9,999.9,999.9,999.9
291,13,0222.7N,115.6E,9999.9,17.7,79,9.3,1013.29999.9,17.5,999.9,999.9,999.9,999.9
292,13,0322.7N,115.6E,9999.9,17.8,84,8.8,1012.99999.9,17.5,999.9,999.9,999.9,999.9
293,13,0422.7N,115.6E,9999.9,17.8,82,9,1012.49999.9,17.5,999.9,999.9,999.9,999.9
294,13,0522.7N,115.6E,9999.9,17.7,78,8.1,1011.79999.9,17.5,999.9,999.9,999.9,999.9
295,13,0622.7N,115.6E,9999.9,17.7,84,7.1,1011.29999.9,17.5,999.9,999.9,999.9,999.9
296,13,0722.7N,115.6E,9999.9,17.6,79,8.1,1010.79999.9,17.5,999.9,999.9,999.9,999.9
297,13,0822.7N,115.6E,9999.9,17.6,70,6.6,1010.99999.9,17.5,99.7,99.7,999.9,999.9
298,13,0922.7N,115.6E,9999.9,17.7,75,6.9,1011.19999.9,17.5,999.9,999.9,999.9,999.9
299,13,1022.7N,115.6E,9999.9,17.7,82,8.2,1010.99999.9,17.6,999.9,999.9,999.9,999.9
300,13,1122.7N,115.6E,9999.9,18,73,6.7,1011.49999.9,17.7,99.7,99.7,999.9,999.9
301,13,1222.7N,115.6E,9999.9,18.4,93,5,1012.39999.9,17.8,999.9,999.9,999.9,999.9
302,13,1322.7N,115.6E,9999.9,18.8,74,4,1012.69999.9,17.8,999.9,999.9,999.9,999.9
303,13,1422.7N,115.6E,9999.9,19.7,72,2.2,1012.19999.9,17.7,99.7,99.7,999.9,999.9
304,13,1522.7N,115.6E,9999.9,19.6,63,2.6,1011.59999.9,17.6,999.9,999.9,999.9,999.9
305,13,1622.7N,115.6E,9999.9,19.6,63,1.9,1010.69999.9,17.6,999.9,999.9,999.9,999.9
306,13,1722.7N,115.6E,9999.9,19.4,67,2.3,1009.69999.9,17.6,99.7,99.7,999.9,999.9
307,13,1822.7N,115.6E,9999.9,19.6,89,2.1,1009.19999.9,17.6,999.9,999.9,999.9,999.9
308,13,1922.7N,115.6E,9999.9,20.2,138,2.3,1009.19999.9,17.6,999.9,999.9,999.9,999.9
309,13,2022.7N,115.6E,9999.9,20.3,125,2.8,1009.09999.9,17.7,999.9,999.9,999.9,999.9
310,13,2122.7N,115.6E,9999.9,21,150,2.8,1009.29999.9,17.7,999.9,999.9,999.9,999.9
311,13,2222.7N,115.6E,9999.9,20.4,131,2.9,1009.39999.9,17.7,999.9,999.9,999.9,999.9
312,13,2322.7N,115.6E,9999.9,20.4,127,2.4,1009.89999.9,17.7,999.9,999.9,999.9,999.9
313,14,0022.7N,115.6E,9999.9,21.6,166,4.2,1009.89999.9,17.7,999.9,999.9,999.9,999.9
314,14,0122.7N,115.6E,9999.9,21.8,174,4,1009.79999.9,17.7,999.9,999.9,999.9,999.9
315,14,0222.7N,115.6E,9999.9,22.2,182,2.8,1009.59999.9,17.7,999.9,999.9,999.9,999.9
316,14,0322.7N,115.6E,9999.9,21.1,205,3.5,1009.39999.9,17.7,999.9,999.9,999.9,999.9
317,14,0422.7N,115.6E,9999.9,20.7,223,3.1,1009.29999.9,17.7,999.9,999.9,999.9,999.9
318,14,0522.7N,115.6E,9999.9,20.2,228,4.6,1008.79999.9,17.8,999.9,999.9,999.9,999.9
319,14,0622.7N,115.6E,9999.9,20.1,242,4.5,1008.59999.9,17.8,999.9,999.9,999.9,999.9
320,14,0722.7N,115.6E,9999.9,20.5,289,2.1,1008.39999.9,17.9,999.9,999.9,999.9,999.9
321,14,0822.7N,115.6E,9999.9,20.9,248,2.1,1008.39999.9,17.9,99.7,99.7,999.9,999.9
322,14,0922.7N,115.6E,9999.9,20.7,306,6.1,1008.79999.9,17.9,999.9,999.9,999.9,999.9
323,14,1022.7N,115.6E,9999.9,20.5,281,2.7,1009.39999.9,17.9,999.9,999.9,999.9,999.9
324,14,1122.7N,115.6E,9999.9,19.9,255,3.2,1009.89999.9,18,99.7,99.7,999.9,999.9
325,14,1222.7N,115.6E,9999.9,20.6,238,2,1010.19999.9,18.2,999.9,999.9,999.9,999.9
326,14,1322.7N,115.6E,9999.9,20.2,267,2.6,1010.29999.9,18.3,999.9,999.9,999.9,999.9
327,14,1422.7N,115.6E,9999.9,20.1,288,3.4,1010.29999.9,18.4,99.7,99.7,999.9,999.9
328,14,1522.7N,115.6E,9999.9,20.8,292,3.7,1009.29999.9,18.8,999.9,999.9,999.9,999.9
329,14,1622.7N,115.6E,9999.9,21.2,243,2.9,1008.19999.9,18.9,999.9,999.9,999.9,999.9
330,14,1722.7N,115.6E,9999.9,22.4,240,3.7,1007.29999.9,19.2,99.7,99.7,999.9,999.9
331,14,1822.7N,115.6E,9999.9,22.7,222,2.6,1006.59999.9,19.3,999.9,999.9,999.9,999.9
332,14,1922.7N,115.6E,9999.9,23.2,231,3.3,1006.39999.9,19.2,999.9,999.9,999.9,999.9
333,14,2022.7N,115.6E,9999.9,22.4,227,5.1,1006.39999.9,19.1,999.9,999.9,999.9,999.9
334,14,2122.7N,115.6E,9999.9,21.6,238,3.8,1006.99999.9,19.2,999.9,999.9,999.9,999.9
335,14,2222.7N,115.6E,9999.9,21.5,230,3.1,1007.59999.9,18.8,999.9,999.9,999.9,999.9
336,14,2322.7N,115.6E,9999.9,20.9,223,2.6,1008.29999.9,18.5,999.9,999.9,999.9,999.9
337,15,0022.7N,115.6E,9999.9,20.6,231,2.5,1008.79999.9,18.2,999.9,999.9,999.9,999.9
338,15,0122.7N,115.6E,9999.9,20.5,258,1.3,1009.29999.9,18,999.9,999.9,999.9,999.9
339,15,0222.7N,115.6E,9999.9,20.4,295,1.7,1009.29999.9,18,999.9,999.9,999.9,999.9
340,15,0322.7N,115.6E,9999.9,21,289,1,1009.69999.9,18,999.9,999.9,999.9,999.9
341,15,0422.7N,115.6E,9999.9,21.2,306,0.8,1009.99999.9,17.9,999.9,999.9,999.9,999.9
342,15,0522.7N,115.6E,9999.9,20.2,341,1.3,1010.09999.9,18.1,999.9,999.9,999.9,999.9
343,15,0622.7N,115.6E,9999.9,20.7,345,1.7,1009.79999.9,18.1,999.9,999.9,999.9,999.9
344,15,0722.7N,115.6E,9999.9,19.8,266,1.5,1009.89999.9,18.2,999.9,999.9,999.9,999.9
345,15,0822.7N,115.6E,9999.9,19.6,280,2.4,1009.89999.9,18.3,99.7,99.7,999.9,999.9
346,15,0922.7N,115.6E,9999.9,19.8,311,1.9,1010.49999.9,18.3,999.9,999.9,999.9,999.9
347,15,1022.7N,115.6E,9999.9,18.7,6,4,1011.19999.9,18.3,999.9,999.9,999.9,999.9
348,15,1122.7N,115.6E,9999.9,18.9,18,4.5,1012.29999.9,18.2,99.7,99.7,999.9,999.9
349,15,1222.7N,115.6E,9999.9,17.5,72,10.6,1013.89999.9,18,999.9,999.9,999.9,999.9
350,15,1322.7N,115.6E,9999.9,17.2,72,11.1,1014.59999.9,17.9,999.9,999.9,999.9,999.9
351,15,1422.7N,115.6E,9999.9,16,30,7.6,1014.69999.9,17.8,99.7,99.7,999.9,999.9
352,15,1522.7N,115.6E,9999.9,15,29,7.6,1014.29999.9,17.8,999.9,999.9,999.9,999.9
353,15,1622.7N,115.6E,9999.9,15.9,26,7,1013.29999.9,17.8,999.9,999.9,999.9,999.9
354,15,1722.7N,115.6E,9999.9,15.8,22,5.6,1012.79999.9,17.7,99.7,99.7,999.9,999.9
355,15,1822.7N,115.6E,9999.9,15.4,21,6,1012.79999.9,17.7,999.9,999.9,999.9,999.9
356,15,1922.7N,115.6E,9999.9,15,18,6.9,1013.19999.9,17.7,999.9,999.9,999.9,999.9
357,15,2022.7N,115.6E,9999.9,14.4,18,6.5,1013.99999.9,17.6,999.9,999.9,999.9,999.9
358,15,2122.7N,115.6E,9999.9,13.7,15,5.8,1015.09999.9,17.6,999.9,999.9,999.9,999.9
359,15,2222.7N,115.6E,9999.9,13.1,25,7.5,1016.29999.9,17.6,999.9,999.9,999.9,999.9
360,15,2322.7N,115.6E,9999.9,12.6,22,7.1,1017.39999.9,17.5,999.9,999.9,999.9,999.9
361,16,0022.7N,115.6E,9999.9,12.3,23,7.1,1018.29999.9,17.5,999.9,999.9,999.9,999.9
362,16,0122.7N,115.6E,9999.9,12.1,21,5.8,1019.19999.9,17.4,999.9,999.9,999.9,999.9
363,16,0222.7N,115.6E,9999.9,11.7,26,9,1019.19999.9,17.4,999.9,999.9,999.9,999.9
364,16,0322.7N,115.6E,9999.9,11.5,11,6.5,1019.99999.9,17.3,999.9,999.9,999.9,999.9
365,16,0422.7N,115.6E,9999.9,11.3,13,6.6,1019.79999.9,17.3,999.9,999.9,999.9,999.9
366,16,0522.7N,115.6E,9999.9,10.8,19,8.2,1019.49999.9,17.3,999.9,999.9,999.9,999.9
367,16,0622.7N,115.6E,9999.9,10.5,25,8.2,1019.49999.9,17.2,999.9,999.9,999.9,999.9
368,16,0722.7N,115.6E,9999.9,10.2,19,7.3,1019.59999.9,17.2,999.9,999.9,999.9,999.9
369,16,0822.7N,115.6E,9999.9,9.8,21,8.4,1019.39999.9,17.1,99.7,99.7,999.9,999.9
370,16,0922.7N,115.6E,9999.9,9.8,21,7,1020.29999.9,17,999.9,999.9,999.9,999.9
371,16,1022.7N,115.6E,9999.9,9.6,21,8.3,1020.99999.9,17,999.9,999.9,999.9,999.9
372,16,1122.7N,115.6E,9999.9,9.4,20,8,1021.69999.9,17.1,99.7,99.7,999.9,999.9
373,16,1222.7N,115.6E,9999.9,9.4,19,6.3,1022.59999.9,17.2,999.9,999.9,999.9,999.9
374,16,1322.7N,115.6E,9999.9,10.2,12,5,1022.89999.9,17.3,999.9,999.9,999.9,999.9
375,16,1422.7N,115.6E,9999.9,11.3,19,5.9,1022.39999.9,17.4,99.7,99.7,999.9,999.9
376,16,1522.7N,115.6E,9999.9,11.7,23,8,1021.59999.9,17.5,999.9,999.9,999.9,999.9
377,16,1622.7N,115.6E,9999.9,12.7,31,7.3,1020.59999.9,17.5,999.9,999.9,999.9,999.9
378,16,1722.7N,115.6E,9999.9,13.5,28,6.4,1019.69999.9,17.4,99.7,99.7,999.9,999.9
379,16,1822.7N,115.6E,9999.9,13.8,26,5.6,1019.09999.9,17.3,999.9,999.9,999.9,999.9
380,16,1922.7N,115.6E,9999.9,13.9,24,5.1,1019.19999.9,17.3,999.9,999.9,999.9,999.9
381,16,2022.7N,115.6E,9999.9,13.6,25,4.5,1019.79999.9,17.3,999.9,999.9,999.9,999.9
382,16,2122.7N,115.6E,9999.9,13.1,17,3.5,1020.29999.9,17.2,999.9,999.9,999.9,999.9
383,16,2222.7N,115.6E,9999.9,12.5,11,3.8,1021.29999.9,17.1,999.9,999.9,999.9,999.9
384,16,2322.7N,115.6E,9999.9,12.2,22,4.9,1021.89999.9,17.1,999.9,999.9,999.9,999.9
385,17,0022.7N,115.6E,9999.9,11.6,25,7.6,1022.29999.9,17.1,999.9,999.9,999.9,999.9
386,17,0122.7N,115.6E,9999.9,11.5,20,5.9,1022.79999.9,17,999.9,999.9,999.9,999.9
387,17,0222.7N,115.6E,9999.9,11.5,25,8,1022.89999.9,17,999.9,999.9,999.9,999.9
388,17,0322.7N,115.6E,9999.9,11.4,27,7.5,1022.79999.9,16.9,999.9,999.9,999.9,999.9
389,17,0422.7N,115.6E,9999.9,11.5,25,7.8,1022.69999.9,16.9,999.9,999.9,999.9,999.9
390,17,0522.7N,115.6E,9999.9,11.7,30,7.2,1022.39999.9,16.9,999.9,999.9,999.9,999.9
391,17,0622.7N,115.6E,9999.9,11.9,34,7.5,1021.99999.9,16.9,999.9,999.9,999.9,999.9
392,17,0722.7N,115.6E,9999.9,11.6,22,6.2,1022.09999.9,16.9,999.9,999.9,999.9,999.9
393,17,0822.7N,115.6E,9999.9,11.1,21,6.1,1022.19999.9,16.9,99.7,99.7,999.9,999.9
394,17,0922.7N,115.6E,9999.9,10.5,24,7.5,1022.69999.9,16.9,999.9,999.9,999.9,999.9
395,17,1022.7N,115.6E,9999.9,10.6,26,8.8,1023.29999.9,16.9,999.9,999.9,999.9,999.9
396,17,1122.7N,115.6E,9999.9,10.7,20,5.5,1024.19999.9,17,99.7,99.7,999.9,999.9
397,17,1222.7N,115.6E,9999.9,11.3,27,7.2,1024.39999.9,17.2,999.9,999.9,999.9,999.9
398,17,1322.7N,115.6E,9999.9,12.2,40,7.2,1024.09999.9,17.4,999.9,999.9,999.9,999.9
399,17,1422.7N,115.6E,9999.9,13.2,34,5.9,1023.89999.9,17.5,99.7,99.7,999.9,999.9
400,17,1522.7N,115.6E,9999.9,13.7,36,5.1,1022.79999.9,17.6,999.9,999.9,999.9,999.9
401,17,1622.7N,115.6E,9999.9,14.7,49,3.4,1021.69999.9,17.5,999.9,999.9,999.9,999.9
402,17,1722.7N,115.6E,9999.9,15.3,73,3.1,1021.09999.9,17.5,99.7,99.7,999.9,999.9
403,17,1822.7N,115.6E,9999.9,15.1,96,4.5,1020.39999.9,17.4,999.9,999.9,999.9,999.9
404,17,1922.7N,115.6E,9999.9,15,94,6.1,1020.49999.9,17.3,999.9,999.9,999.9,999.9
405,17,2022.7N,115.6E,9999.9,14.8,85,4.9,1021.09999.9,17.2,999.9,999.9,999.9,999.9
406,17,2122.7N,115.6E,9999.9,14.5,81,5,1021.99999.9,17.2,999.9,999.9,999.9,999.9
407,17,2222.7N,115.6E,9999.9,14.7,83,5.1,1022.69999.9,17.1,999.9,999.9,999.9,999.9
408,17,2322.7N,115.6E,9999.9,14.9,76,5.5,1023.49999.9,17.1,999.9,999.9,999.9,999.9
409,18,0022.7N,115.6E,9999.9,13.7,22,3.7,1024.19999.9,17.1,999.9,999.9,999.9,999.9
410,18,0122.7N,115.6E,9999.9,13.1,23,5.8,1024.49999.9,17,999.9,999.9,999.9,999.9
411,18,0222.7N,115.6E,9999.9,13.2,23,6.3,1024.79999.9,16.8,999.9,999.9,999.9,999.9
412,18,0322.7N,115.6E,9999.9,12.4,9,3.5,1024.59999.9,16.7,999.9,999.9,999.9,999.9
413,18,0422.7N,115.6E,9999.9,12.1,16,5.5,1024.59999.9,16.6,999.9,999.9,999.9,999.9
414,18,0522.7N,115.6E,9999.9,11.7,19,5.1,1024.29999.9,16.5,999.9,999.9,999.9,999.9
415,18,0622.7N,115.6E,9999.9,11.6,0,6.3,1023.99999.9,16.4,999.9,999.9,999.9,999.9
416,18,0722.7N,115.6E,9999.9,11.2,357,7.3,1023.69999.9,16.3,999.9,999.9,999.9,999.9
417,18,0822.7N,115.6E,9999.9,10.7,1,7.6,1023.89999.9,16.4,99.7,99.7,999.9,999.9
418,18,0922.7N,115.6E,9999.9,10.4,17,5.8,1024.19999.9,16.4,999.9,999.9,999.9,999.9
419,18,1022.7N,115.6E,9999.9,10,19,6.4,1025.09999.9,16.5,999.9,999.9,999.9,999.9
420,18,1122.7N,115.6E,9999.9,10.1,20,6.2,1025.99999.9,16.6,99.7,99.7,999.9,999.9
421,18,1222.7N,115.6E,9999.9,11.2,11,5.4,1026.39999.9,16.9,999.9,999.9,999.9,999.9
422,18,1322.7N,115.6E,9999.9,12.8,26,5.7,1026.29999.9,17,999.9,999.9,999.9,999.9
423,18,1422.7N,115.6E,9999.9,13.9,25,7.4,1025.69999.9,17.2,99.7,99.7,999.9,999.9
424,18,1522.7N,115.6E,9999.9,14.8,23,6.3,1024.49999.9,17.3,999.9,999.9,999.9,999.9
425,18,1622.7N,115.6E,9999.9,15.7,29,5.5,1022.69999.9,17.3,999.9,999.9,999.9,999.9
426,18,1722.7N,115.6E,9999.9,16.8,41,3,1021.59999.9,17.2,99.7,99.7,999.9,999.9
427,18,1822.7N,115.6E,9999.9,16.7,103,3.7,1020.79999.9,17.1,999.9,999.9,999.9,999.9
428,18,1922.7N,115.6E,9999.9,16.4,118,5.7,1020.39999.9,17.1,999.9,999.9,999.9,999.9
429,18,2022.7N,115.6E,9999.9,16,110,7.2,1020.49999.9,17.1,999.9,999.9,999.9,999.9
430,18,2122.7N,115.6E,9999.9,15.5,104,5.1,1020.69999.9,17.1,999.9,999.9,999.9,999.9
431,18,2222.7N,115.6E,9999.9,15.2,79,5.1,1021.09999.9,17,999.9,999.9,999.9,999.9
432,18,2322.7N,115.6E,9999.9,15.3,71,4.6,1021.89999.9,17,999.9,999.9,999.9,999.9
433,19,0022.7N,115.6E,9999.9,15.3,82,7.7,1022.29999.9,17,999.9,999.9,999.9,999.9
434,19,0122.7N,115.6E,9999.9,15.1,71,8.3,1022.79999.9,16.9,999.9,999.9,999.9,999.9
435,19,0222.7N,115.6E,9999.9,14.8,58,7.6,1023.09999.9,16.9,999.9,999.9,999.9,999.9
436,19,0322.7N,115.6E,9999.9,14.7,63,7.9,1022.89999.9,16.8,999.9,999.9,999.9,999.9
437,19,0422.7N,115.6E,9999.9,14.5,53,6.8,1023.09999.9,16.7,999.9,999.9,999.9,999.9
438,19,0522.7N,115.6E,9999.9,13.8,24,4.2,1022.79999.9,16.7,999.9,999.9,999.9,999.9
439,19,0622.7N,115.6E,9999.9,13,21,4.2,1022.49999.9,16.6,999.9,999.9,999.9,999.9
440,19,0722.7N,115.6E,9999.9,12.6,20,4.9,1022.29999.9,16.6,999.9,999.9,999.9,999.9
441,19,0822.7N,115.6E,9999.9,12.3,24,5.9,1022.09999.9,16.6,99.7,99.7,999.9,999.9
442,19,0922.7N,115.6E,9999.9,12.1,18,4.3,1022.19999.9,16.6,999.9,999.9,999.9,999.9
443,19,1022.7N,115.6E,9999.9,12.2,21,4.6,1022.49999.9,16.7,999.9,999.9,999.9,999.9
444,19,1122.7N,115.6E,9999.9,12.9,28,5.1,1023.19999.9,16.8,99.7,99.7,999.9,999.9
445,19,1222.7N,115.6E,9999.9,13.6,35,5.4,1023.79999.9,17,999.9,999.9,999.9,999.9
446,19,1322.7N,115.6E,9999.9,14.1,32,5.3,1024.19999.9,17.1,999.9,999.9,999.9,999.9
447,19,1422.7N,115.6E,9999.9,14.9,37,4.6,1023.89999.9,17.2,99.7,99.7,999.9,999.9
448,19,1522.7N,115.6E,9999.9,15.8,39,3.1,1022.49999.9,17.3,999.9,999.9,999.9,999.9
449,19,1622.7N,115.6E,9999.9,16.2,73,2,1021.19999.9,17.3,999.9,999.9,999.9,999.9
450,19,1722.7N,115.6E,9999.9,16.7,103,4.1,1020.09999.9,17.2,99.7,99.7,999.9,999.9
451,19,1822.7N,115.6E,9999.9,16.8,111,4.8,1019.29999.9,17.1,999.9,999.9,999.9,999.9
452,19,1922.7N,115.6E,9999.9,16.5,114,5.5,1019.29999.9,17.1,999.9,999.9,999.9,999.9
453,19,2022.7N,115.6E,9999.9,16.1,104,3.9,1019.49999.9,17,999.9,999.9,999.9,999.9
454,19,2122.7N,115.6E,9999.9,15.7,107,4.1,1019.79999.9,17,999.9,999.9,999.9,999.9
455,19,2222.7N,115.6E,9999.9,15.7,92,4.2,1020.29999.9,17,999.9,999.9,999.9,999.9
456,19,2322.7N,115.6E,9999.9,15.8,83,3.7,1020.89999.9,17,999.9,999.9,999.9,999.9
457,20,0022.7N,115.6E,9999.9,15.8,73,4.1,1021.39999.9,17,999.9,999.9,999.9,999.9
458,20,0122.7N,115.6E,9999.9,15.9,71,4.3,1021.79999.9,17,999.9,999.9,999.9,999.9
459,20,0222.7N,115.6E,9999.9,16,77,7.6,1021.69999.9,17,999.9,999.9,999.9,999.9
460,20,0322.7N,115.6E,9999.9,15.8,82,8.1,1021.49999.9,16.9,999.9,999.9,999.9,999.9
461,20,0422.7N,115.6E,9999.9,15.8,77,9.1,1021.39999.9,16.9,999.9,999.9,999.9,999.9
462,20,0522.7N,115.6E,9999.9,15.7,67,9.1,1021.09999.9,16.8,999.9,999.9,999.9,999.9
463,20,0622.7N,115.6E,9999.9,15.5,63,8.5,1020.69999.9,16.7,999.9,999.9,999.9,999.9
464,20,0722.7N,115.6E,9999.9,15.6,58,8,1020.69999.9,16.7,999.9,999.9,999.9,999.9
465,20,0822.7N,115.6E,9999.9,15.4,52,7.2,1020.39999.9,16.7,99.7,99.7,999.9,999.9
466,20,0922.7N,115.6E,9999.9,14.8,20,4.4,1021.09999.9,16.7,999.9,999.9,999.9,999.9
467,20,1022.7N,115.6E,9999.9,14.7,24,5.7,1021.69999.9,16.8,999.9,999.9,999.9,999.9
468,20,1122.7N,115.6E,9999.9,14.9,23,5.9,1022.29999.9,17,99.7,99.7,999.9,999.9
469,20,1222.7N,115.6E,9999.9,15.2,25,5,1022.89999.9,17.2,999.9,999.9,999.9,999.9
470,20,1322.7N,115.6E,9999.9,16.6,22,4.1,1022.79999.9,17.3,999.9,999.9,999.9,999.9
471,20,1422.7N,115.6E,9999.9,17.9,27,5,1022.69999.9,17.3,99.7,99.7,999.9,999.9
472,20,1522.7N,115.6E,9999.9,18.5,37,4.8,1021.49999.9,17.3,999.9,999.9,999.9,999.9
473,20,1622.7N,115.6E,9999.9,18.6,57,3.1,1020.49999.9,17.2,999.9,999.9,999.9,999.9
474,20,1722.7N,115.6E,9999.9,18.7,90,2.1,1019.59999.9,17.2,99.7,99.7,999.9,999.9
475,20,1822.7N,115.6E,9999.9,17.7,101,8.4,1019.09999.9,17.2,999.9,999.9,999.9,999.9
476,20,1922.7N,115.6E,9999.9,17,83,6.9,1018.99999.9,17.1,999.9,999.9,999.9,999.9
477,20,2022.7N,115.6E,9999.9,16.7,86,8.4,1018.99999.9,17.1,999.9,999.9,999.9,999.9
478,20,2122.7N,115.6E,9999.9,16.5,83,11,1019.39999.9,17,999.9,999.9,999.9,999.9
479,20,2222.7N,115.6E,9999.9,16.4,83,12.9,1019.79999.9,17,999.9,999.9,999.9,999.9
480,20,2322.7N,115.6E,9999.9,16.4,84,13.6,1020.09999.9,16.9,999.9,999.9,999.9,999.9
481,21,0022.7N,115.6E,9999.9,16.2,82,15.1,1020.39999.9,16.9,999.9,999.9,999.9,999.9
482,21,0122.7N,115.6E,9999.9,16.1,78,15.3,1020.49999.9,16.9,999.9,999.9,999.9,999.9
483,21,0222.7N,115.6E,9999.9,15.8,74,12.2,1020.49999.9,16.9,999.9,999.9,999.9,999.9
484,21,0322.7N,115.6E,9999.9,15.7,70,10.1,1020.59999.9,16.8,999.9,999.9,999.9,999.9
485,21,0422.7N,115.6E,9999.9,15.4,78,11.8,1020.29999.9,16.8,999.9,999.9,999.9,999.9
486,21,0522.7N,115.6E,9999.9,15.5,70,8.5,1020.19999.9,16.7,999.9,999.9,999.9,999.9
487,21,0622.7N,115.6E,9999.9,15.4,71,8.6,1020.59999.9,16.7,999.9,999.9,999.9,999.9
488,21,0722.7N,115.6E,9999.9,15.2,67,8.9,1020.39999.9,16.6,999.9,999.9,999.9,999.9
489,21,0822.7N,115.6E,9999.9,14.7,70,10,1020.39999.9,16.5,99.7,99.7,999.9,999.9
490,21,0922.7N,115.6E,9999.9,13.2,65,10.9,1021.09999.9,16.6,999.9,999.9,999.9,999.9
491,21,1022.7N,115.6E,9999.9,12.9,71,11.7,1021.29999.9,16.7,999.9,999.9,999.9,999.9
492,21,1122.7N,115.6E,9999.9,13,70,10.7,1021.79999.9,16.8,99.7,99.7,999.9,999.9
493,21,1222.7N,115.6E,9999.9,12.8,59,8.9,1022.09999.9,16.9,999.9,999.9,999.9,999.9
494,21,1322.7N,115.6E,9999.9,13.7,57,9.4,1021.99999.9,16.9,999.9,999.9,999.9,999.9
495,21,1422.7N,115.6E,9999.9,14.1,52,8.6,1021.19999.9,16.9,99.7,99.7,999.9,999.9
496,21,1522.7N,115.6E,9999.9,14.3,69,8.7,1020.29999.9,16.9,999.9,999.9,999.9,999.9
497,21,1622.7N,115.6E,9999.9,13.5,70,9.1,1018.69999.9,16.9,999.9,999.9,999.9,999.9
498,21,1722.7N,115.6E,9999.9,13.8,71,7.8,1017.79999.9,16.9,99.7,99.7,999.9,999.9
499,21,1822.7N,115.6E,9999.9,14.4,65,7.3,1016.69999.9,16.9,999.9,999.9,999.9,999.9
500,21,1922.7N,115.6E,9999.9,14.6,64,7.6,1016.49999.9,16.9,999.9,999.9,999.9,999.9
501,21,2022.7N,115.6E,9999.9,14.5,67,7.7,1016.59999.9,16.9,999.9,999.9,999.9,999.9
502,21,2122.7N,115.6E,9999.9,14.6,73,5.8,1016.99999.9,16.8,999.9,999.9,999.9,999.9
503,21,2222.7N,115.6E,9999.9,14.6,63,7.1,1016.89999.9,16.8,999.9,999.9,999.9,999.9
504,21,2322.7N,115.6E,9999.9,14.7,73,7.6,1017.49999.9,16.8,999.9,999.9,999.9,999.9
505,22,0022.7N,115.6E,9999.9,14.7,67,5.9,1017.79999.9,16.9,999.9,999.9,999.9,999.9
506,22,0122.7N,115.6E,9999.9,15,74,6.1,1017.79999.9,16.9,999.9,999.9,999.9,999.9
507,22,0222.7N,115.6E,9999.9,15.1,66,6.8,1017.89999.9,16.8,999.9,999.9,999.9,999.9
508,22,0322.7N,115.6E,9999.9,15,62,6.5,1017.99999.9,16.8,999.9,999.9,999.9,999.9
509,22,0422.7N,115.6E,9999.9,15.1,57,6.6,1017.69999.9,16.8,999.9,999.9,999.9,999.9
510,22,0522.7N,115.6E,9999.9,15.3,70,7.7,1017.29999.9,16.8,999.9,999.9,999.9,999.9
511,22,0622.7N,115.6E,9999.9,15.3,45,4.9,1016.89999.9,16.8,999.9,999.9,999.9,999.9
512,22,0722.7N,115.6E,9999.9,15.5,30,2.4,1016.79999.9,16.7,999.9,999.9,999.9,999.9
513,22,0822.7N,115.6E,9999.9,15.6,59,4.5,1016.59999.9,16.7,99.7,99.7,999.9,999.9
514,22,0922.7N,115.6E,9999.9,15.8,56,5.4,1017.09999.9,16.7,999.9,999.9,999.9,999.9
515,22,1022.7N,115.6E,9999.9,15.6,31,5.3,1017.29999.9,16.8,999.9,999.9,999.9,999.9
516,22,1122.7N,115.6E,9999.9,15.9,41,4.6,1017.59999.9,16.9,99.7,99.7,999.9,999.9
517,22,1222.7N,115.6E,9999.9,15.9,30,5.8,1018.09999.9,16.9,999.9,999.9,999.9,999.9
518,22,1322.7N,115.6E,9999.9,16.6,38,6.5,1018.19999.9,17,999.9,999.9,999.9,999.9
519,22,1422.7N,115.6E,9999.9,17.1,38,4,1017.79999.9,17.1,99.7,99.7,999.9,999.9
520,22,1522.7N,115.6E,9999.9,17.6,54,2.2,1017.09999.9,17.1,999.9,999.9,999.9,999.9
521,22,1622.7N,115.6E,9999.9,17.4,96,3.3,1015.79999.9,17.2,999.9,999.9,999.9,999.9
522,22,1722.7N,115.6E,9999.9,17.8,83,2.6,1014.69999.9,17.1,99.7,99.7,999.9,999.9
523,22,1822.7N,115.6E,9999.9,18.2,82,2.9,1014.19999.9,17,999.9,999.9,999.9,999.9
524,22,1922.7N,115.6E,9999.9,17.6,99,5,1013.89999.9,17,999.9,999.9,999.9,999.9
525,22,2022.7N,115.6E,9999.9,17.1,100,6.4,1013.89999.9,16.9,999.9,999.9,999.9,999.9
526,22,2122.7N,115.6E,9999.9,16.7,98,6.4,1014.19999.9,16.8,999.9,999.9,999.9,999.9
527,22,2222.7N,115.6E,9999.9,16.6,82,5,1014.59999.9,16.8,999.9,999.9,999.9,999.9
528,22,2322.7N,115.6E,9999.9,16.5,70,3.1,1014.89999.9,16.8,999.9,999.9,999.9,999.9
529,23,0022.7N,115.6E,9999.9,16.4,60,3.3,1015.39999.9,16.8,999.9,999.9,999.9,999.9
530,23,0122.7N,115.6E,9999.9,16.3,56,4.1,1015.09999.9,16.8,999.9,999.9,999.9,999.9
531,23,0222.7N,115.6E,9999.9,16.2,55,3.7,1015.19999.9,16.8,999.9,999.9,999.9,999.9
532,23,0322.7N,115.6E,9999.9,16.2,56,5.7,1014.59999.9,16.8,999.9,999.9,999.9,999.9
533,23,0422.7N,115.6E,9999.9,16.2,39,2.4,1015.09999.9,16.8,999.9,999.9,999.9,999.9
534,23,0522.7N,115.6E,9999.9,16,28,3.1,1014.99999.9,16.8,999.9,999.9,999.9,999.9
535,23,0622.7N,115.6E,9999.9,15.9,53,2.7,1014.59999.9,16.8,999.9,999.9,999.9,999.9
536,23,0722.7N,115.6E,9999.9,15.9,68,3,1014.19999.9,16.8,999.9,999.9,999.9,999.9
537,23,0822.7N,115.6E,9999.9,15.5,79,4.2,1014.29999.9,16.7,99.7,99.7,999.9,999.9
538,23,0922.7N,115.6E,9999.9,15.5,62,3.3,1014.59999.9,16.8,999.9,999.9,999.9,999.9
539,23,1022.7N,115.6E,9999.9,15.3,67,4.9,1014.89999.9,16.8,999.9,999.9,999.9,999.9
540,23,1122.7N,115.6E,9999.9,15.3,64,5.2,1015.59999.9,16.8,99.7,99.7,999.9,999.9
541,23,1222.7N,115.6E,9999.9,15.4,73,4.5,1016.59999.9,16.8,999.9,999.9,999.9,999.9
542,23,1322.7N,115.6E,9999.9,15.5,59,5.6,1016.59999.9,16.8,999.9,999.9,999.9,999.9
543,23,1422.7N,115.6E,9999.9,15.6,62,4.5,1016.89999.9,16.9,99.7,99.7,999.9,999.9
544,23,1522.7N,115.6E,9999.9,15.7,76,4,1016.19999.9,16.9,999.9,999.9,999.9,999.9
545,23,1622.7N,115.6E,9999.9,15.8,75,2.9,1015.29999.9,16.9,999.9,999.9,999.9,999.9
546,23,1722.7N,115.6E,9999.9,16.3,89,3.2,1014.49999.9,16.9,99.7,99.7,999.9,999.9
547,23,1822.7N,115.6E,9999.9,16.5,114,3,1014.29999.9,16.9,999.9,999.9,999.9,999.9
548,23,1922.7N,115.6E,9999.9,16.5,143,3.1,1014.49999.9,16.8,999.9,999.9,999.9,999.9
549,23,2022.7N,115.6E,9999.9,16.7,173,1.8,1014.99999.9,16.8,999.9,999.9,999.9,999.9
550,23,2122.7N,115.6E,9999.9,16.9,138,1.1,1015.19999.9,16.8,999.9,999.9,999.9,999.9
551,23,2222.7N,115.6E,9999.9,16.7,44,3.1,1015.89999.9,16.8,999.9,999.9,999.9,999.9
552,23,2322.7N,115.6E,9999.9,16.6,21,2.2,1016.59999.9,16.8,999.9,999.9,999.9,999.9
553,24,0022.7N,115.6E,9999.9,16.8,45,3,1017.19999.9,16.8,999.9,999.9,999.9,999.9
554,24,0122.7N,115.6E,9999.9,16.6,53,4.5,1017.49999.9,16.8,999.9,999.9,999.9,999.9
555,24,0222.7N,115.6E,9999.9,16.6,45,4.3,1017.89999.9,16.7,999.9,999.9,999.9,999.9
556,24,0322.7N,115.6E,9999.9,16.5,37,2.5,1018.59999.9,16.8,999.9,999.9,999.9,999.9
557,24,0422.7N,115.6E,9999.9,16.4,3,6.9,1019.29999.9,16.6,999.9,999.9,999.9,999.9
558,24,0522.7N,115.6E,9999.9,15.3,20,7.5,1019.89999.9,16.5,999.9,999.9,999.9,999.9
559,24,0622.7N,115.6E,9999.9,14.6,23,7.9,1020.49999.9,16.3,999.9,999.9,999.9,999.9
560,24,0722.7N,115.6E,9999.9,13.8,14,8.3,1020.99999.9,16,999.9,999.9,999.9,999.9
561,24,0822.7N,115.6E,9999.9,13.4,25,14.3,1021.59999.9,16,99.7,99.7,999.9,999.9
562,24,0922.7N,115.6E,9999.9,13.1,24,10.3,1022.79999.9,16,999.9,999.9,999.9,999.9
563,24,1022.7N,115.6E,9999.9,12.7,21,13.2,1023.79999.9,16,999.9,999.9,999.9,999.9
564,24,1122.7N,115.6E,9999.9,12.3,22,13.5,1024.89999.9,16.1,99.7,99.7,999.9,999.9
565,24,1222.7N,115.6E,9999.9,12.1,17,10.9,1026.29999.9,16.3,999.9,999.9,999.9,999.9
566,24,1322.7N,115.6E,9999.9,13.2,16,8,1026.59999.9,16.5,999.9,999.9,999.9,999.9
567,24,1422.7N,115.6E,9999.9,14,2,7.5,1025.79999.9,16.7,99.7,99.7,999.9,999.9
568,24,1522.7N,115.6E,9999.9,14.5,356,9.1,1025.19999.9,16.8,999.9,999.9,999.9,999.9
569,24,1622.7N,115.6E,9999.9,14.7,9,7,1024.39999.9,16.8,999.9,999.9,999.9,999.9
570,24,1722.7N,115.6E,9999.9,14.7,0,7.8,1023.79999.9,16.8,99.7,99.7,999.9,999.9
571,24,1822.7N,115.6E,9999.9,14.9,358,7.9,1022.99999.9,16.7,999.9,999.9,999.9,999.9
572,24,1922.7N,115.6E,9999.9,15.2,354,8.6,1022.89999.9,16.5,999.9,999.9,999.9,999.9
573,24,2022.7N,115.6E,9999.9,15,357,8.3,1023.09999.9,16.3,999.9,999.9,999.9,999.9
574,24,2122.7N,115.6E,9999.9,14.4,356,8.8,1023.49999.9,16.3,999.9,999.9,999.9,999.9
575,24,2222.7N,115.6E,9999.9,13.9,2,7.1,1023.79999.9,16.3,999.9,999.9,999.9,999.9
576,24,2322.7N,115.6E,9999.9,13.3,11,6.5,1024.09999.9,16.3,999.9,999.9,999.9,999.9
577,25,0022.7N,115.6E,9999.9,12.4,14,7.8,1024.79999.9,16.2,999.9,999.9,999.9,999.9
578,25,0122.7N,115.6E,9999.9,11.8,17,7.7,1024.79999.9,16.2,999.9,999.9,999.9,999.9
579,25,0222.7N,115.6E,9999.9,11.3,13,6.7,1024.89999.9,16.1,999.9,999.9,999.9,999.9
580,25,0322.7N,115.6E,9999.9,10.8,19,7.7,1024.99999.9,16,999.9,999.9,999.9,999.9
581,25,0422.7N,115.6E,9999.9,10.3,18,7.7,1025.39999.9,16,999.9,999.9,999.9,999.9
582,25,0522.7N,115.6E,9999.9,9.9,20,7.3,1025.19999.9,15.9,999.9,999.9,999.9,999.9
583,25,0622.7N,115.6E,9999.9,9.6,22,8.9,1024.69999.9,15.8,999.9,999.9,999.9,999.9
584,25,0722.7N,115.6E,9999.9,9.6,26,10.1,1024.29999.9,15.6,999.9,999.9,999.9,999.9
585,25,0822.7N,115.6E,9999.9,10.2,32,10,1024.19999.9,15.5,99.7,99.7,999.9,999.9
586,25,0922.7N,115.6E,9999.9,10.4,37,10.2,1024.29999.9,15.5,999.9,999.9,999.9,999.9
587,25,1022.7N,115.6E,9999.9,10,50,10.9,1024.79999.9,15.7,999.9,999.9,999.9,999.9
588,25,1122.7N,115.6E,9999.9,9.9,51,10.9,1025.19999.9,15.9,99.7,99.7,999.9,999.9
589,25,1222.7N,115.6E,9999.9,10,58,13,1025.09999.9,15.9,999.9,999.9,999.9,999.9
590,25,1322.7N,115.6E,9999.9,10.2,59,11.3,1025.19999.9,16,999.9,999.9,999.9,999.9
591,25,1422.7N,115.6E,9999.9,10.8,59,9.7,1024.39999.9,16.1,99.7,99.7,999.9,999.9
592,25,1522.7N,115.6E,9999.9,11.3,48,7.5,1023.59999.9,16.2,999.9,999.9,999.9,999.9
593,25,1622.7N,115.6E,9999.9,11.9,56,7.1,1022.39999.9,16.1,999.9,999.9,999.9,999.9
594,25,1722.7N,115.6E,9999.9,12.1,56,5.9,1021.19999.9,16.1,99.7,99.7,999.9,999.9
595,25,1822.7N,115.6E,9999.9,12.1,78,6.2,1020.39999.9,16,999.9,999.9,999.9,999.9
596,25,1922.7N,115.6E,9999.9,12,79,8.1,1019.99999.9,16,999.9,999.9,999.9,999.9
597,25,2022.7N,115.6E,9999.9,12.2,77,8.7,1019.99999.9,16,999.9,999.9,999.9,999.9
598,25,2122.7N,115.6E,9999.9,12.3,70,8.5,1020.29999.9,15.9,999.9,999.9,999.9,999.9
599,25,2222.7N,115.6E,9999.9,12.1,76,9.7,1020.49999.9,15.8,999.9,999.9,999.9,999.9
600,25,2322.7N,115.6E,9999.9,12.2,67,9.5,1020.79999.9,15.8,999.9,999.9,999.9,999.9
601,26,0022.7N,115.6E,9999.9,12.1,69,9.7,1020.59999.9,15.9,999.9,999.9,999.9,999.9
602,26,0122.7N,115.6E,9999.9,11.8,62,10.2,1020.59999.9,15.9,999.9,999.9,999.9,999.9
603,26,0222.7N,115.6E,9999.9,11.8,59,9.9,1020.69999.9,16,999.9,999.9,999.9,999.9
604,26,0322.7N,115.6E,9999.9,11.7,56,8.8,1020.99999.9,16.1,999.9,999.9,999.9,999.9
605,26,0422.7N,115.6E,9999.9,11.7,52,9.1,1020.79999.9,16,999.9,999.9,999.9,999.9
606,26,0522.7N,115.6E,9999.9,11.9,55,8.4,1020.59999.9,15.9,999.9,999.9,999.9,999.9
607,26,0622.7N,115.6E,9999.9,11.9,45,6.9,1020.59999.9,15.9,999.9,999.9,999.9,999.9
608,26,0722.7N,115.6E,9999.9,12.1,43,7,1019.99999.9,15.8,999.9,999.9,999.9,999.9
609,26,0822.7N,115.6E,9999.9,12,47,7.3,1019.79999.9,15.8,99.7,99.7,999.9,999.9
610,26,0922.7N,115.6E,9999.9,12.1,51,7.2,1019.79999.9,15.8,999.9,999.9,999.9,999.9
611,26,1022.7N,115.6E,9999.9,12,62,9.1,1020.09999.9,15.8,999.9,999.9,999.9,999.9
612,26,1122.7N,115.6E,9999.9,12.3,69,9.7,1020.49999.9,15.9,99.7,99.7,999.9,999.9
613,26,1222.7N,115.6E,9999.9,12.2,67,8.2,1020.89999.9,16,999.9,999.9,999.9,999.9
614,26,1322.7N,115.6E,9999.9,12.8,66,7.4,1020.89999.9,16.2,999.9,999.9,999.9,999.9
615,26,1422.7N,115.6E,9999.9,13.6,64,7,1020.39999.9,16.3,99.7,99.7,999.9,999.9
616,26,1522.7N,115.6E,9999.9,14.7,55,4.8,1019.29999.9,16.4,999.9,999.9,999.9,999.9
617,26,1622.7N,115.6E,9999.9,15.1,54,4.1,1017.99999.9,16.3,999.9,999.9,999.9,999.9
618,26,1722.7N,115.6E,9999.9,15.9,70,3,1017.09999.9,16.3,99.7,99.7,999.9,999.9
619,26,1822.7N,115.6E,9999.9,15.5,96,3.5,1016.69999.9,16.3,999.9,999.9,999.9,999.9
620,26,1922.7N,115.6E,9999.9,15.4,86,4.6,1016.69999.9,16.2,999.9,999.9,999.9,999.9
621,26,2022.7N,115.6E,9999.9,15.2,73,4.5,1016.99999.9,16.2,999.9,999.9,999.9,999.9
622,26,2122.7N,115.6E,9999.9,15.2,82,5,1017.19999.9,16.2,999.9,999.9,999.9,999.9
623,26,2222.7N,115.6E,9999.9,15.4,80,4.7,1017.39999.9,16.2,999.9,999.9,999.9,999.9
624,26,2322.7N,115.6E,9999.9,15.6,72,3.4,1018.19999.9,16.2,999.9,999.9,999.9,999.9
625,27,0022.7N,115.6E,9999.9,15.7,80,2.1,1018.79999.9,16.2,999.9,999.9,999.9,999.9
626,27,0122.7N,115.6E,9999.9,15.7,79,4.9,1018.69999.9,16.2,999.9,999.9,999.9,999.9
627,27,0222.7N,115.6E,9999.9,15.6,61,5.3,1019.19999.9,16.2,999.9,999.9,999.9,999.9
628,27,0322.7N,115.6E,9999.9,15.5,52,3.7,1019.19999.9,16.2,999.9,999.9,999.9,999.9
629,27,0422.7N,115.6E,9999.9,15.6,63,2.9,1019.59999.9,16.2,999.9,999.9,999.9,999.9
630,27,0522.7N,115.6E,9999.9,15.6,20,3.3,1019.49999.9,16.2,999.9,999.9,999.9,999.9
631,27,0622.7N,115.6E,9999.9,15.8,22,4.2,1019.49999.9,16.1,999.9,999.9,999.9,999.9
632,27,0722.7N,115.6E,9999.9,15.8,20,6,1019.79999.9,15.9,999.9,999.9,999.9,999.9
633,27,0822.7N,115.6E,9999.9,15,359,6,1020.29999.9,15.8,99.7,99.7,999.9,999.9
634,27,0922.7N,115.6E,9999.9,14.6,8,7.4,1020.89999.9,15.7,999.9,999.9,999.9,999.9
635,27,1022.7N,115.6E,9999.9,14.3,18,8.8,1021.89999.9,15.7,999.9,999.9,999.9,999.9
636,27,1122.7N,115.6E,9999.9,13.9,9,8.6,1022.89999.9,15.8,99.7,99.7,999.9,999.9
637,27,1222.7N,115.6E,9999.9,13.6,10,7,1023.49999.9,15.8,999.9,999.9,999.9,999.9
638,27,1322.7N,115.6E,9999.9,13.7,7,7.7,1023.69999.9,15.9,999.9,999.9,999.9,999.9
639,27,1422.7N,115.6E,9999.9,14.2,1,8.1,1022.99999.9,16.1,99.7,99.7,999.9,999.9
640,27,1522.7N,115.6E,9999.9,14.9,14,7.3,1021.99999.9,16.2,999.9,999.9,999.9,999.9
641,27,1622.7N,115.6E,9999.9,16,20,8.3,1020.99999.9,16.2,999.9,999.9,999.9,999.9
642,27,1722.7N,115.6E,9999.9,15.8,18,10.8,1020.29999.9,16.1,99.7,99.7,999.9,999.9
643,27,1822.7N,115.6E,9999.9,15,7,9.4,1019.99999.9,15.9,999.9,999.9,999.9,999.9
644,27,1922.7N,115.6E,9999.9,15,14,7.9,1019.99999.9,15.7,999.9,999.9,999.9,999.9
645,27,2022.7N,115.6E,9999.9,14,4,8.1,1020.39999.9,15.6,999.9,999.9,999.9,999.9
646,27,2122.7N,115.6E,9999.9,13.1,7,7.1,1021.29999.9,15.6,999.9,999.9,999.9,999.9
647,27,2222.7N,115.6E,9999.9,12.3,10,7.4,1022.09999.9,15.6,999.9,999.9,999.9,999.9
648,27,2322.7N,115.6E,9999.9,12.1,8,6.6,1023.09999.9,15.5,999.9,999.9,999.9,999.9
649,28,0022.7N,115.6E,9999.9,12.2,11,6.7,1023.39999.9,15.5,999.9,999.9,999.9,999.9
650,28,0122.7N,115.6E,9999.9,12.4,21,7,1023.59999.9,15.5,999.9,999.9,999.9,999.9
651,28,0222.7N,115.6E,9999.9,12.3,18,6.4,1023.69999.9,15.4,999.9,999.9,999.9,999.9
652,28,0322.7N,115.6E,9999.9,12.2,15,5.7,1023.79999.9,15.4,999.9,999.9,999.9,999.9
653,28,0422.7N,115.6E,9999.9,12,14,6.1,1023.59999.9,15.4,999.9,999.9,999.9,999.9
654,28,0522.7N,115.6E,9999.9,11.6,8,5.8,1023.39999.9,15.4,999.9,999.9,999.9,999.9
655,28,0622.7N,115.6E,9999.9,11,4,6,1022.89999.9,15.4,999.9,999.9,999.9,999.9
656,28,0722.7N,115.6E,9999.9,10.6,12,6.1,1022.79999.9,15.2,999.9,999.9,999.9,999.9
657,28,0822.7N,115.6E,9999.9,10.3,17,6.3,1022.89999.9,15.2,99.7,99.7,999.9,999.9
658,28,0922.7N,115.6E,9999.9,9.8,10,5.5,1023.69999.9,15.2,999.9,999.9,999.9,999.9
659,28,1022.7N,115.6E,9999.9,9.3,10,6.5,1024.39999.9,15.2,999.9,999.9,999.9,999.9
660,28,1122.7N,115.6E,9999.9,8.9,4,5.4,1025.39999.9,15.3,99.7,99.7,999.9,999.9
661,28,1222.7N,115.6E,9999.9,9.6,14,6.6,1026.09999.9,15.5,999.9,999.9,999.9,999.9
662,28,1322.7N,115.6E,9999.9,10.2,19,7.1,1026.39999.9,15.7,999.9,999.9,999.9,999.9
663,28,1422.7N,115.6E,9999.9,11.2,19,5.6,1025.89999.9,15.7,99.7,99.7,999.9,999.9
664,28,1522.7N,115.6E,9999.9,11.9,37,4.5,1024.59999.9,15.8,999.9,999.9,999.9,999.9
665,28,1622.7N,115.6E,9999.9,12.7,41,3.6,1022.99999.9,15.8,999.9,999.9,999.9,999.9
666,28,1722.7N,115.6E,9999.9,13.3,87,3.5,1021.99999.9,15.7,99.7,99.7,999.9,999.9
667,28,1822.7N,115.6E,9999.9,13.2,114,5.2,1021.29999.9,15.5,999.9,999.9,999.9,999.9
668,28,1922.7N,115.6E,9999.9,12.8,105,5.7,1021.19999.9,15.4,999.9,999.9,999.9,999.9
669,28,2022.7N,115.6E,9999.9,12.4,101,7.3,1021.19999.9,15.3,999.9,999.9,999.9,999.9
670,28,2122.7N,115.6E,9999.9,12.1,102,5.8,1021.79999.9,15.3,999.9,999.9,999.9,999.9
671,28,2222.7N,115.6E,9999.9,12.2,89,5,1022.59999.9,15.3,999.9,999.9,999.9,999.9
672,28,2322.7N,115.6E,9999.9,12.3,67,4.7,1023.39999.9,15.1,999.9,999.9,999.9,999.9
673,29,0022.7N,115.6E,9999.9,12.4,73,4.1,1023.59999.9,15.1,999.9,999.9,999.9,999.9
674,29,0122.7N,115.6E,9999.9,12.4,35,4.5,1023.89999.9,15.1,999.9,999.9,999.9,999.9
675,29,0222.7N,115.6E,9999.9,11.9,46,5.7,1024.09999.9,15.1,999.9,999.9,999.9,999.9
676,29,0322.7N,115.6E,9999.9,11.7,56,7,1023.69999.9,15.1,999.9,999.9,999.9,999.9
677,29,0422.7N,115.6E,9999.9,11.6,54,7.3,1023.29999.9,15.1,999.9,999.9,999.9,999.9
678,29,0522.7N,115.6E,9999.9,10.8,32,6.6,1023.09999.9,15.1,999.9,999.9,999.9,999.9
679,29,0622.7N,115.6E,9999.9,9.7,9,3.2,1022.99999.9,15,999.9,999.9,999.9,999.9
680,29,0722.7N,115.6E,9999.9,9.4,12,4.3,1022.69999.9,14.9,999.9,999.9,999.9,999.9
681,29,0822.7N,115.6E,9999.9,9,4,3.9,1022.59999.9,14.8,99.7,99.7,999.9,999.9
682,29,0922.7N,115.6E,9999.9,9,15,4.9,1023.19999.9,14.9,999.9,999.9,999.9,999.9
683,29,1022.7N,115.6E,9999.9,8.6,13,4.4,1023.69999.9,15.1,999.9,999.9,999.9,999.9
684,29,1122.7N,115.6E,9999.9,9.2,20,4.5,1024.29999.9,15.2,99.7,99.7,999.9,999.9
685,29,1222.7N,115.6E,9999.9,9.8,24,6.8,1024.99999.9,15.3,999.9,999.9,999.9,999.9
686,29,1322.7N,115.6E,9999.9,10.8,25,5.4,1025.59999.9,15.5,999.9,999.9,999.9,999.9
687,29,1422.7N,115.6E,9999.9,11.6,33,3.8,1024.99999.9,15.7,99.7,99.7,999.9,999.9
688,29,1522.7N,115.6E,9999.9,12.4,43,3.4,1023.99999.9,15.7,999.9,999.9,999.9,999.9
689,29,1622.7N,115.6E,9999.9,14.2,62,4.1,1022.49999.9,15.7,999.9,999.9,999.9,999.9
690,29,1722.7N,115.6E,9999.9,14.2,77,3.3,1021.39999.9,15.6,99.7,99.7,999.9,999.9
691,29,1822.7N,115.6E,9999.9,14.7,205,3.8,1020.99999.9,15.6,999.9,999.9,999.9,999.9
692,29,1922.7N,115.6E,9999.9,14.5,214,2.8,1020.89999.9,15.5,999.9,999.9,999.9,999.9
693,29,2022.7N,115.6E,9999.9,13.5,170,1.7,1021.19999.9,15.4,999.9,999.9,999.9,999.9
694,29,2122.7N,115.6E,9999.9,12.9,148,2,1021.39999.9,15.4,999.9,999.9,999.9,999.9
695,29,2222.7N,115.6E,9999.9,13.3,89,3.1,1021.69999.9,15.4,999.9,999.9,999.9,999.9
696,29,2322.7N,115.6E,9999.9,13.2,107,3.7,1022.29999.9,15.4,999.9,999.9,999.9,999.9
697,30,0022.7N,115.6E,9999.9,13.5,69,4.2,1022.89999.9,15.4,999.9,999.9,999.9,999.9
698,30,0122.7N,115.6E,9999.9,12.7,31,2.1,1023.29999.9,15.3,999.9,999.9,999.9,999.9
699,30,0222.7N,115.6E,9999.9,13.2,56,6.6,1023.09999.9,15.3,999.9,999.9,999.9,999.9
700,30,0322.7N,115.6E,9999.9,13.2,68,7.9,1023.19999.9,15.3,999.9,999.9,999.9,999.9
701,30,0422.7N,115.6E,9999.9,13.2,56,7.5,1022.89999.9,15.3,999.9,999.9,999.9,999.9
702,30,0522.7N,115.6E,9999.9,13,55,7.1,1022.39999.9,15.3,999.9,999.9,999.9,999.9
703,30,0622.7N,115.6E,9999.9,11.9,28,5.6,1021.99999.9,15.3,999.9,999.9,999.9,999.9
704,30,0722.7N,115.6E,9999.9,11.3,22,5.1,1021.99999.9,15.3,999.9,999.9,999.9,999.9
705,30,0822.7N,115.6E,9999.9,11.2,19,4.9,1022.09999.9,15.3,99.7,99.7,999.9,999.9
706,30,0922.7N,115.6E,9999.9,11.1,22,7.4,1022.39999.9,15.3,999.9,999.9,999.9,999.9
707,30,1022.7N,115.6E,9999.9,10.9,28,5,1023.19999.9,15.4,999.9,999.9,999.9,999.9
708,30,1122.7N,115.6E,9999.9,11.6,31,4.7,1023.79999.9,15.5,99.7,99.7,999.9,999.9
709,30,1222.7N,115.6E,9999.9,12.8,47,4.4,1024.29999.9,15.7,999.9,999.9,999.9,999.9
710,30,1322.7N,115.6E,9999.9,13.8,66,7.4,1024.49999.9,15.8,999.9,999.9,999.9,999.9
711,30,1422.7N,115.6E,9999.9,14.4,77,6.8,1023.79999.9,15.9,99.7,99.7,999.9,999.9
712,30,1522.7N,115.6E,9999.9,14.8,79,8.8,1022.39999.9,15.9,999.9,999.9,999.9,999.9
713,30,1622.7N,115.6E,9999.9,15.3,84,9.1,1020.89999.9,15.9,999.9,999.9,999.9,999.9
714,30,1722.7N,115.6E,9999.9,15.6,91,10.5,1019.69999.9,15.9,99.7,99.7,999.9,999.9
715,30,1822.7N,115.6E,9999.9,15.7,99,10.6,1019.19999.9,15.8,999.9,999.9,999.9,999.9
716,30,1922.7N,115.6E,9999.9,15.4,98,11.5,1018.99999.9,15.6,999.9,999.9,999.9,999.9
717,30,2022.7N,115.6E,9999.9,15.3,97,11,1019.09999.9,15.5,999.9,999.9,999.9,999.9
718,30,2122.7N,115.6E,9999.9,15,91,11.1,1018.99999.9,15.4,999.9,999.9,999.9,999.9
719,30,2222.7N,115.6E,9999.9,14.7,88,11,1019.29999.9,15.4,999.9,999.9,999.9,999.9
720,30,2322.7N,115.6E,9999.9,14.6,87,10.4,1019.99999.9,15.4,999.9,999.9,999.9,999.9
721,31,0022.7N,115.6E,9999.9,14.6,79,10.1,1020.09999.9,15.4,999.9,999.9,999.9,999.9
722,31,0122.7N,115.6E,9999.9,14.6,76,9,1020.39999.9,15.3,999.9,999.9,999.9,999.9
723,31,0222.7N,115.6E,9999.9,14.5,70,9.8,1020.39999.9,15.2,999.9,999.9,999.9,999.9
724,31,0322.7N,115.6E,9999.9,13.5,54,7,1020.29999.9,15.1,999.9,999.9,999.9,999.9
725,31,0422.7N,115.6E,9999.9,13.3,63,8.1,1020.19999.9,15.1,999.9,999.9,999.9,999.9
726,31,0522.7N,115.6E,9999.9,13.3,59,8.6,1019.69999.9,15.1,999.9,999.9,999.9,999.9
727,31,0622.7N,115.6E,9999.9,13.2,41,8.2,1019.49999.9,15.1,999.9,999.9,999.9,999.9
728,31,0722.7N,115.6E,9999.9,11.9,24,5.8,1019.19999.9,15.2,999.9,999.9,999.9,999.9
729,31,0822.7N,115.6E,9999.9,12.2,17,4.6,1018.59999.9,15.2,99.7,99.7,999.9,999.9
730,31,0922.7N,115.6E,9999.9,12,26,7.6,1019.19999.9,15.3,999.9,999.9,999.9,999.9
731,31,1022.7N,115.6E,9999.9,12.2,31,6.7,1019.39999.9,15.3,999.9,999.9,999.9,999.9
732,31,1122.7N,115.6E,9999.9,12.3,31,8,1019.39999.9,15.4,99.7,99.7,999.9,999.9
733,31,1222.7N,115.6E,9999.9,12.7,39,9.6,1019.19999.9,15.5,999.9,999.9,999.9,999.9
734,31,1322.7N,115.6E,9999.9,13.9,25,5.3,1019.79999.9,15.5,999.9,999.9,999.9,999.9
735,31,1422.7N,115.6E,9999.9,14.5,58,4.8,1019.29999.9,15.6,99.7,99.7,999.9,999.9
736,31,1522.7N,115.6E,9999.9,15.3,74,5.5,1018.19999.9,15.6,999.9,999.9,999.9,999.9
737,31,1622.7N,115.6E,9999.9,15.7,64,3.7,1017.09999.9,15.7,999.9,999.9,999.9,999.9
738,31,1722.7N,115.6E,9999.9,15.8,57,2.5,1016.19999.9,15.6,99.7,99.7,999.9,999.9
739,31,1822.7N,115.6E,9999.9,16.4,61,4.3,1015.39999.9,15.6,999.9,999.9,999.9,999.9
740,31,1922.7N,115.6E,9999.9,16,68,5.6,1015.19999.9,15.5,999.9,999.9,999.9,999.9
741,31,2022.7N,115.6E,9999.9,16.1,70,5.5,1015.09999.9,15.5,999.9,999.9,999.9,999.9
742,31,2122.7N,115.6E,9999.9,15.9,78,5.3,1015.09999.9,15.5,999.9,999.9,999.9,999.9
743,31,2222.7N,115.6E,9999.9,15.6,76,5.2,1015.09999.9,15.5,999.9,999.9,999.9,999.9
744,31,2322.7N,115.6E,9999.9,15.7,78,5,1015.59999.9,15.5,999.9,999.9,999.9,999.9
